timestamp,agv_id,motor_temp,battery_temp,vibration,voltage,current,speed,error_count,load_weight,driving_time
2025-05-21 00:00:00,AGV-01,58.75,32.86,0.263,24.3,9.31,1.365,0,46.4,0
2025-05-21 00:10:00,AGV-01,59.52,32.42,0.2395,23.89,8.76,1.008,0,49.8,10
2025-05-21 00:20:00,AGV-01,56.48,33.31,0.2318,23.72,10.67,1.366,0,57.8,20
2025-05-21 00:30:00,AGV-01,58.59,33.12,0.2397,23.88,10.26,1.444,0,41.8,30
2025-05-21 00:40:00,AGV-01,57.98,31.94,0.2665,23.76,9.67,1.106,0,46.1,40
2025-05-21 00:50:00,AGV-01,59.32,31.99,0.2183,24.15,9.07,1.198,0,40.6,50
2025-05-21 01:00:00,AGV-01,58.49,32.61,0.2365,24.12,10.32,1.54,0,44.0,60
2025-05-21 01:10:00,AGV-01,57.06,31.49,0.272,23.96,9.17,1.577,0,40.5,70
2025-05-21 01:20:00,AGV-01,57.89,34.0,0.2572,23.87,9.79,1.631,0,61.9,80
2025-05-21 01:30:00,AGV-01,56.62,32.6,0.2488,23.72,10.33,1.536,0,45.1,90
2025-05-21 01:40:00,AGV-01,60.22,32.48,0.2338,23.9,10.23,1.449,0,51.9,100
2025-05-21 01:50:00,AGV-01,58.26,32.69,0.2635,23.95,9.21,1.591,0,43.5,110
2025-05-21 02:00:00,AGV-01,58.01,32.77,0.2217,23.92,9.23,1.28,0,46.1,120
2025-05-21 02:10:00,AGV-01,54.97,32.06,0.2781,24.0,8.16,1.239,0,40.0,130
2025-05-21 02:20:00,AGV-01,58.09,35.46,0.2462,24.06,9.47,1.225,1,50.7,140
2025-05-21 02:30:00,AGV-01,59.13,33.79,0.2318,24.28,8.38,1.488,0,56.0,150
2025-05-21 02:40:00,AGV-01,57.26,33.92,0.2841,24.17,9.51,1.345,0,39.7,160
2025-05-21 02:50:00,AGV-01,58.71,32.08,0.281,23.84,9.24,1.522,0,38.8,170
2025-05-21 03:00:00,AGV-01,60.05,35.54,0.2435,23.96,8.35,1.579,0,47.6,180
2025-05-21 03:10:00,AGV-01,58.45,33.25,0.2569,23.86,9.69,1.444,0,41.4,190
2025-05-21 03:20:00,AGV-01,58.26,31.78,0.271,24.27,10.09,1.257,0,50.8,200
2025-05-21 03:30:00,AGV-01,56.77,33.96,0.2583,24.16,11.02,1.363,0,41.2,210
2025-05-21 03:40:00,AGV-01,59.32,32.76,0.2742,24.11,11.69,1.414,0,48.1,220
2025-05-21 03:50:00,AGV-01,56.71,31.93,0.2596,23.96,10.07,1.471,1,44.6,230
2025-05-21 04:00:00,AGV-01,56.73,31.49,0.2411,24.17,9.67,1.213,0,48.2,240
2025-05-21 04:10:00,AGV-01,60.64,33.23,0.2338,24.21,9.54,1.531,0,50.3,250
2025-05-21 04:20:00,AGV-01,55.93,32.06,0.2603,24.1,9.91,1.978,0,51.7,260
2025-05-21 04:30:00,AGV-01,59.48,33.23,0.2535,23.77,8.3,1.425,0,40.7,270
2025-05-21 04:40:00,AGV-01,61.47,31.13,0.2637,23.68,9.12,1.563,0,52.8,280
2025-05-21 04:50:00,AGV-01,58.19,33.55,0.2246,24.48,10.97,1.605,1,49.1,290
2025-05-21 05:00:00,AGV-01,59.57,32.37,0.2411,23.67,8.88,1.649,0,42.6,300
2025-05-21 05:10:00,AGV-01,57.02,34.77,0.2581,23.75,10.23,1.718,0,50.2,310
2025-05-21 05:20:00,AGV-01,56.9,31.72,0.2453,24.37,9.48,1.26,0,43.7,320
2025-05-21 05:30:00,AGV-01,56.13,34.63,0.2214,23.91,9.6,1.616,0,37.8,330
2025-05-21 05:40:00,AGV-01,58.61,33.91,0.246,24.01,10.02,1.419,0,52.9,340
2025-05-21 05:50:00,AGV-01,56.14,35.13,0.211,23.97,9.97,1.442,0,41.9,350
2025-05-21 06:00:00,AGV-01,59.33,32.54,0.2376,23.93,10.26,1.618,0,49.1,360
2025-05-21 06:10:00,AGV-01,58.94,32.17,0.2388,24.15,9.99,1.397,0,45.6,370
2025-05-21 06:20:00,AGV-01,57.0,34.16,0.2811,23.91,9.17,1.439,0,51.5,380
2025-05-21 06:30:00,AGV-01,58.03,33.68,0.2438,24.06,9.4,1.415,0,48.0,390
2025-05-21 06:40:00,AGV-01,55.31,32.55,0.2741,23.76,10.12,1.5,0,44.9,400
2025-05-21 06:50:00,AGV-01,56.65,33.08,0.2365,24.2,9.38,1.276,0,43.4,410
2025-05-21 07:00:00,AGV-01,58.92,34.36,0.2413,24.04,9.95,1.531,0,37.8,420
2025-05-21 07:10:00,AGV-01,55.89,32.28,0.2457,24.06,10.68,1.529,0,44.2,430
2025-05-21 07:20:00,AGV-01,57.55,33.0,0.2364,23.99,10.52,1.516,0,44.5,440
2025-05-21 07:30:00,AGV-01,58.6,33.69,0.242,24.04,9.51,1.415,1,41.1,450
2025-05-21 07:40:00,AGV-01,60.18,33.96,0.2931,23.85,10.2,1.428,0,44.4,460
2025-05-21 07:50:00,AGV-01,59.46,31.55,0.2657,23.97,8.42,1.555,0,35.9,470
2025-05-21 08:00:00,AGV-01,58.51,34.88,0.269,23.88,8.78,1.474,0,48.7,480
2025-05-21 08:10:00,AGV-01,60.21,33.7,0.2474,23.99,9.27,1.444,0,39.5,490
2025-05-21 08:20:00,AGV-01,57.83,34.24,0.2181,23.88,9.5,1.407,0,43.4,500
2025-05-21 08:30:00,AGV-01,55.6,31.63,0.2607,24.21,10.73,1.276,0,43.5,510
2025-05-21 08:40:00,AGV-01,60.33,33.12,0.2736,24.01,11.15,1.663,0,39.9,520
2025-05-21 08:50:00,AGV-01,57.6,34.49,0.2676,23.91,9.23,1.14,0,52.2,530
2025-05-21 09:00:00,AGV-01,57.6,33.72,0.28,24.01,10.8,1.193,0,44.9,540
2025-05-21 09:10:00,AGV-01,59.19,32.72,0.2167,24.0,9.82,1.568,0,37.8,550
2025-05-21 09:20:00,AGV-01,58.55,32.06,0.2397,23.79,9.45,1.543,0,42.8,560
2025-05-21 09:30:00,AGV-01,57.29,32.18,0.2388,23.71,9.35,1.409,0,33.6,570
2025-05-21 09:40:00,AGV-01,56.95,33.21,0.2478,23.96,9.99,1.514,0,42.3,580
2025-05-21 09:50:00,AGV-01,56.16,35.37,0.2438,23.87,7.75,1.528,0,40.1,590
2025-05-21 10:00:00,AGV-01,62.62,34.12,0.2474,23.81,8.21,1.431,0,44.1,600
2025-05-21 10:10:00,AGV-01,57.93,31.94,0.2369,23.85,9.22,1.433,0,49.6,610
2025-05-21 10:20:00,AGV-01,57.99,34.48,0.2515,23.83,10.72,1.481,0,43.1,620
2025-05-21 10:30:00,AGV-01,57.0,34.4,0.2238,23.62,10.25,1.404,0,45.6,630
2025-05-21 10:40:00,AGV-01,57.02,32.51,0.2382,23.83,9.54,1.275,0,47.0,640
2025-05-21 10:50:00,AGV-01,57.87,33.24,0.2555,23.86,9.07,1.479,0,46.0,650
2025-05-21 11:00:00,AGV-01,55.5,33.54,0.2367,24.11,8.89,1.129,0,42.7,660
2025-05-21 11:10:00,AGV-01,57.54,31.48,0.266,23.77,9.71,1.818,0,36.9,670
2025-05-21 11:20:00,AGV-01,56.71,32.62,0.2701,23.88,10.17,1.231,0,41.4,680
2025-05-21 11:30:00,AGV-01,61.65,31.23,0.2293,24.03,9.57,1.473,0,52.9,690
2025-05-21 11:40:00,AGV-01,58.51,32.59,0.2402,23.91,9.82,1.337,0,34.0,700
2025-05-21 11:50:00,AGV-01,58.54,32.73,0.269,23.95,10.54,1.299,0,33.8,710
2025-05-21 12:00:00,AGV-01,58.03,34.68,0.2565,23.96,10.16,1.068,0,40.6,720
2025-05-21 12:10:00,AGV-01,58.43,33.17,0.2614,23.83,9.18,1.476,0,51.2,730
2025-05-21 12:20:00,AGV-01,58.27,33.25,0.2408,23.83,10.16,1.272,0,52.5,740
2025-05-21 12:30:00,AGV-01,58.6,32.65,0.2666,24.26,9.14,1.336,0,42.2,750
2025-05-21 12:40:00,AGV-01,59.3,34.36,0.2583,24.38,8.88,1.213,0,45.9,760
2025-05-21 12:50:00,AGV-01,59.25,32.11,0.2035,24.04,11.61,1.37,0,45.2,770
2025-05-21 13:00:00,AGV-01,58.16,33.73,0.2596,24.04,8.87,1.471,0,38.3,780
2025-05-21 13:10:00,AGV-01,60.83,33.18,0.252,23.98,10.12,1.781,0,47.6,790
2025-05-21 13:20:00,AGV-01,57.76,32.57,0.2298,23.67,10.16,1.411,0,51.4,800
2025-05-21 13:30:00,AGV-01,56.77,31.5,0.2448,23.77,9.38,1.399,0,38.4,810
2025-05-21 13:40:00,AGV-01,57.65,33.7,0.287,24.23,9.28,1.234,0,45.0,820
2025-05-21 13:50:00,AGV-01,58.24,32.32,0.253,23.84,10.04,1.383,0,45.8,830
2025-05-21 14:00:00,AGV-01,57.95,32.46,0.2357,24.02,9.3,1.626,0,34.6,840
2025-05-21 14:10:00,AGV-01,56.14,31.82,0.2541,24.06,9.3,1.378,0,47.6,850
2025-05-21 14:20:00,AGV-01,56.33,34.75,0.2687,24.25,10.08,1.231,0,45.5,860
2025-05-21 14:30:00,AGV-01,57.8,33.5,0.2289,23.93,9.32,1.522,0,40.3,870
2025-05-21 14:40:00,AGV-01,57.46,34.16,0.2284,24.12,9.97,1.354,0,36.7,880
2025-05-21 14:50:00,AGV-01,60.65,31.76,0.2337,24.26,8.1,1.513,0,37.9,890
2025-05-21 15:00:00,AGV-01,54.88,34.7,0.2542,23.98,9.06,1.46,0,49.9,900
2025-05-21 15:10:00,AGV-01,57.95,32.66,0.2769,24.43,10.04,1.307,0,42.9,910
2025-05-21 15:20:00,AGV-01,58.03,33.35,0.2392,23.84,9.66,1.253,0,55.0,920
2025-05-21 15:30:00,AGV-01,59.08,32.53,0.2605,24.32,10.76,1.249,0,47.6,930
2025-05-21 15:40:00,AGV-01,55.24,31.72,0.2375,24.01,9.91,1.291,0,37.8,940
2025-05-21 15:50:00,AGV-01,58.87,31.48,0.234,24.27,8.79,1.486,0,36.2,950
2025-05-21 16:00:00,AGV-01,58.74,33.18,0.2328,24.14,9.04,1.418,0,36.6,960
2025-05-21 16:10:00,AGV-01,59.48,32.65,0.2549,24.04,9.23,1.696,0,44.8,970
2025-05-21 16:20:00,AGV-01,59.06,32.44,0.2626,24.19,10.0,1.164,0,38.4,980
2025-05-21 16:30:00,AGV-01,57.66,34.06,0.2524,24.16,9.99,1.593,0,50.3,990
2025-05-21 16:40:00,AGV-01,57.89,31.34,0.2586,24.04,9.72,1.208,0,47.2,1000
2025-05-21 16:50:00,AGV-01,57.68,34.13,0.2484,23.91,10.21,1.189,0,47.5,1010
2025-05-21 17:00:00,AGV-01,58.33,32.52,0.2751,23.82,9.35,1.334,0,41.7,1020
2025-05-21 17:10:00,AGV-01,59.57,33.87,0.2557,23.73,9.97,1.507,0,45.2,1030
2025-05-21 17:20:00,AGV-01,57.22,34.41,0.296,23.93,9.14,1.618,0,40.6,1040
2025-05-21 17:30:00,AGV-01,59.19,32.7,0.2339,23.8,8.66,1.11,0,39.0,1050
2025-05-21 17:40:00,AGV-01,59.48,32.79,0.249,24.13,8.6,1.457,1,45.8,1060
2025-05-21 17:50:00,AGV-01,58.74,33.29,0.2991,23.87,9.08,1.307,0,42.2,1070
2025-05-21 18:00:00,AGV-01,57.26,32.83,0.2425,23.77,10.14,1.557,0,42.2,1080
2025-05-21 18:10:00,AGV-01,58.95,33.2,0.2197,24.31,10.94,1.308,0,43.1,1090
2025-05-21 18:20:00,AGV-01,58.82,34.08,0.233,24.02,8.1,1.211,0,44.8,1100
2025-05-21 18:30:00,AGV-01,60.69,32.48,0.2545,24.0,10.45,1.779,0,42.3,1110
2025-05-21 18:40:00,AGV-01,59.99,31.87,0.2172,24.09,9.69,1.446,0,49.1,1120
2025-05-21 18:50:00,AGV-01,58.76,34.07,0.2734,24.28,10.02,1.375,0,45.7,1130
2025-05-21 19:00:00,AGV-01,56.97,33.49,0.2584,24.08,9.32,1.401,0,46.0,1140
2025-05-21 19:10:00,AGV-01,58.07,31.64,0.2649,24.13,11.23,1.354,0,46.1,1150
2025-05-21 19:20:00,AGV-01,58.81,33.05,0.2742,23.71,9.64,1.461,0,50.4,1160
2025-05-21 19:30:00,AGV-01,56.46,33.13,0.236,24.24,8.28,1.316,0,46.9,1170
2025-05-21 19:40:00,AGV-01,57.8,30.96,0.2646,24.22,8.14,1.339,1,38.9,1180
2025-05-21 19:50:00,AGV-01,57.73,33.65,0.2697,24.22,10.55,1.367,0,39.3,1190
2025-05-21 20:00:00,AGV-01,60.77,31.93,0.2195,23.86,9.46,1.437,0,41.4,1200
2025-05-21 20:10:00,AGV-01,57.0,33.07,0.2454,24.19,9.23,1.476,0,44.9,1210
2025-05-21 20:20:00,AGV-01,58.51,33.46,0.2614,24.09,10.01,1.599,0,51.2,1220
2025-05-21 20:30:00,AGV-01,58.74,31.97,0.249,24.07,8.89,1.196,0,43.4,1230
2025-05-21 20:40:00,AGV-01,58.19,32.32,0.2668,23.87,9.14,1.117,0,44.1,1240
2025-05-21 20:50:00,AGV-01,56.97,35.47,0.2401,24.2,8.63,1.456,0,47.4,1250
2025-05-21 21:00:00,AGV-01,56.55,32.95,0.2499,23.77,10.7,1.532,0,40.6,1260
2025-05-21 21:10:00,AGV-01,58.06,32.73,0.2483,23.96,8.91,1.429,0,39.7,1270
2025-05-21 21:20:00,AGV-01,57.14,33.57,0.278,24.18,9.55,1.303,0,47.0,1280
2025-05-21 21:30:00,AGV-01,59.02,32.42,0.2718,24.02,10.26,1.37,0,51.6,1290
2025-05-21 21:40:00,AGV-01,60.6,33.2,0.237,23.9,9.24,1.464,1,47.6,1300
2025-05-21 21:50:00,AGV-01,57.14,32.98,0.2928,24.35,9.85,1.406,0,45.6,1310
2025-05-21 22:00:00,AGV-01,57.25,33.21,0.2718,23.98,10.25,1.531,0,38.9,1320
2025-05-21 22:10:00,AGV-01,55.8,33.22,0.2709,24.34,9.13,1.562,0,44.8,1330
2025-05-21 22:20:00,AGV-01,55.55,32.43,0.266,24.04,9.93,1.212,0,41.9,1340
2025-05-21 22:30:00,AGV-01,58.59,33.49,0.2552,23.89,8.96,1.396,0,50.9,1350
2025-05-21 22:40:00,AGV-01,57.76,34.06,0.2053,24.05,8.58,1.448,0,38.5,1360
2025-05-21 22:50:00,AGV-01,59.74,32.53,0.2569,23.99,9.88,1.412,0,38.6,1370
2025-05-21 23:00:00,AGV-01,57.61,34.23,0.263,23.72,8.83,1.478,0,43.4,1380
2025-05-21 23:10:00,AGV-01,61.12,33.38,0.2586,24.21,9.69,1.361,0,44.0,1390
2025-05-21 23:20:00,AGV-01,58.07,32.31,0.2474,23.79,9.35,1.467,0,49.6,1400
2025-05-21 23:30:00,AGV-01,58.52,34.0,0.1921,24.42,9.39,1.566,0,39.8,1410
2025-05-21 23:40:00,AGV-01,58.41,32.35,0.2715,23.97,9.94,1.262,0,45.8,1420
2025-05-21 23:50:00,AGV-01,58.55,35.4,0.2488,24.04,10.34,1.566,0,50.9,1430
2025-05-21 00:00:00,AGV-02,56.37,34.63,0.2346,24.06,10.3,1.362,0,53.1,0
2025-05-21 00:10:00,AGV-02,58.69,32.76,0.2693,24.24,8.52,1.49,0,48.5,10
2025-05-21 00:20:00,AGV-02,59.96,32.74,0.2525,23.79,8.48,1.153,0,40.0,20
2025-05-21 00:30:00,AGV-02,54.81,32.37,0.2237,24.33,10.31,1.297,0,56.3,30
2025-05-21 00:40:00,AGV-02,58.15,34.14,0.2411,24.0,8.57,1.17,0,50.1,40
2025-05-21 00:50:00,AGV-02,61.75,34.4,0.2616,24.12,10.18,1.514,0,46.4,50
2025-05-21 01:00:00,AGV-02,57.84,33.57,0.2498,23.81,8.8,1.252,0,45.9,60
2025-05-21 01:10:00,AGV-02,60.24,33.94,0.2191,23.8,10.25,1.253,0,43.9,70
2025-05-21 01:20:00,AGV-02,56.73,33.58,0.2876,24.04,9.63,1.259,0,44.9,80
2025-05-21 01:30:00,AGV-02,59.05,33.26,0.2781,24.03,9.16,1.418,0,47.7,90
2025-05-21 01:40:00,AGV-02,57.83,33.44,0.2609,23.74,10.42,1.355,0,38.8,100
2025-05-21 01:50:00,AGV-02,57.26,32.32,0.269,23.94,10.5,1.299,0,46.4,110
2025-05-21 02:00:00,AGV-02,61.67,31.81,0.2617,23.85,9.22,1.468,0,45.2,120
2025-05-21 02:10:00,AGV-02,58.16,34.02,0.2956,23.89,8.4,1.387,1,57.9,130
2025-05-21 02:20:00,AGV-02,57.22,34.7,0.2851,23.89,9.96,1.644,0,39.5,140
2025-05-21 02:30:00,AGV-02,57.4,32.48,0.2477,23.85,9.53,1.307,0,48.5,150
2025-05-21 02:40:00,AGV-02,59.01,33.91,0.212,24.07,10.48,1.219,1,53.4,160
2025-05-21 02:50:00,AGV-02,59.2,32.38,0.2509,24.11,9.56,1.481,0,40.4,170
2025-05-21 03:00:00,AGV-02,57.25,33.17,0.2839,23.94,10.55,1.218,0,39.5,180
2025-05-21 03:10:00,AGV-02,58.2,34.31,0.2552,24.46,9.81,1.429,0,43.5,190
2025-05-21 03:20:00,AGV-02,59.48,33.69,0.2312,23.82,8.94,1.364,1,40.8,200
2025-05-21 03:30:00,AGV-02,56.38,35.27,0.2302,24.17,9.53,1.438,1,45.0,210
2025-05-21 03:40:00,AGV-02,58.18,34.29,0.2644,24.12,9.09,1.365,0,47.7,220
2025-05-21 03:50:00,AGV-02,57.55,33.16,0.253,24.22,9.88,1.396,0,49.1,230
2025-05-21 04:00:00,AGV-02,57.98,33.67,0.2029,24.01,9.2,1.251,0,45.3,240
2025-05-21 04:10:00,AGV-02,59.81,33.07,0.2633,24.01,7.92,1.259,0,44.3,250
2025-05-21 04:20:00,AGV-02,59.88,31.87,0.2345,24.08,8.95,1.391,1,42.2,260
2025-05-21 04:30:00,AGV-02,58.52,32.8,0.2399,24.06,9.0,1.402,2,41.4,270
2025-05-21 04:40:00,AGV-02,60.62,31.69,0.2032,24.19,8.41,1.366,0,51.0,280
2025-05-21 04:50:00,AGV-02,58.79,34.06,0.2698,23.99,9.36,1.341,0,44.9,290
2025-05-21 05:00:00,AGV-02,58.51,33.58,0.2252,24.04,9.49,1.487,0,35.2,300
2025-05-21 05:10:00,AGV-02,62.49,32.01,0.2542,24.23,8.81,1.055,0,42.8,310
2025-05-21 05:20:00,AGV-02,61.67,33.0,0.2419,24.21,9.02,1.674,0,44.6,320
2025-05-21 05:30:00,AGV-02,60.92,34.63,0.2798,24.06,10.14,1.304,0,45.8,330
2025-05-21 05:40:00,AGV-02,60.3,32.55,0.296,24.03,9.21,1.428,0,41.0,340
2025-05-21 05:50:00,AGV-02,61.63,32.26,0.2294,24.14,10.43,1.332,0,42.8,350
2025-05-21 06:00:00,AGV-02,61.53,33.97,0.2762,23.85,8.36,1.625,0,46.4,360
2025-05-21 06:10:00,AGV-02,58.43,33.9,0.281,23.88,9.53,1.618,1,54.0,370
2025-05-21 06:20:00,AGV-02,58.62,33.63,0.2679,23.96,9.02,1.208,0,55.3,380
2025-05-21 06:30:00,AGV-02,58.32,33.06,0.2515,24.06,10.15,1.529,2,42.1,390
2025-05-21 06:40:00,AGV-02,61.31,32.48,0.2816,23.97,10.21,1.51,0,45.9,400
2025-05-21 06:50:00,AGV-02,58.18,33.7,0.2446,23.89,9.97,1.586,1,45.1,410
2025-05-21 07:00:00,AGV-02,60.57,35.92,0.2692,23.65,10.1,1.457,0,41.9,420
2025-05-21 07:10:00,AGV-02,61.0,33.08,0.2578,24.17,8.76,1.593,0,42.9,430
2025-05-21 07:20:00,AGV-02,62.87,33.73,0.2345,24.09,10.46,1.309,0,37.8,440
2025-05-21 07:30:00,AGV-02,58.79,32.9,0.2423,23.84,7.82,1.488,0,46.7,450
2025-05-21 07:40:00,AGV-02,58.4,31.6,0.2285,24.25,9.06,1.784,0,45.6,460
2025-05-21 07:50:00,AGV-02,59.58,35.23,0.2971,24.33,10.27,1.306,1,49.1,470
2025-05-21 08:00:00,AGV-02,62.37,32.74,0.2786,24.14,7.28,1.52,0,41.4,480
2025-05-21 08:10:00,AGV-02,57.98,33.31,0.2575,24.3,10.0,1.246,0,54.3,490
2025-05-21 08:20:00,AGV-02,60.34,33.67,0.2832,23.94,10.46,1.109,0,42.6,500
2025-05-21 08:30:00,AGV-02,59.27,33.56,0.2252,24.06,9.38,1.33,2,37.0,510
2025-05-21 08:40:00,AGV-02,60.75,34.82,0.2386,23.99,9.66,1.343,0,53.3,520
2025-05-21 08:50:00,AGV-02,60.44,32.84,0.2705,23.8,9.74,1.515,1,51.1,530
2025-05-21 09:00:00,AGV-02,61.06,33.26,0.2439,23.83,9.32,1.455,0,43.5,540
2025-05-21 09:10:00,AGV-02,63.66,32.95,0.2615,24.02,8.6,1.136,1,39.9,550
2025-05-21 09:20:00,AGV-02,61.77,33.57,0.2762,24.02,9.41,1.309,0,49.0,560
2025-05-21 09:30:00,AGV-02,59.61,33.79,0.2353,24.09,9.47,1.158,0,50.8,570
2025-05-21 09:40:00,AGV-02,60.94,32.97,0.2754,23.91,10.31,1.799,0,47.1,580
2025-05-21 09:50:00,AGV-02,62.71,33.7,0.2558,23.83,9.57,1.239,0,30.4,590
2025-05-21 10:00:00,AGV-02,61.09,35.55,0.2988,23.79,8.93,1.411,0,44.1,600
2025-05-21 10:10:00,AGV-02,63.92,32.91,0.2478,23.9,8.74,1.418,0,53.1,610
2025-05-21 10:20:00,AGV-02,61.41,34.08,0.2705,23.99,9.45,1.29,1,40.1,620
2025-05-21 10:30:00,AGV-02,62.04,34.62,0.2746,24.26,9.05,1.125,1,46.0,630
2025-05-21 10:40:00,AGV-02,63.93,34.13,0.2801,23.96,8.52,1.418,2,43.3,640
2025-05-21 10:50:00,AGV-02,61.64,32.65,0.2736,24.41,8.65,1.404,1,52.1,650
2025-05-21 11:00:00,AGV-02,60.75,34.05,0.2618,24.2,10.45,1.788,2,41.0,660
2025-05-21 11:10:00,AGV-02,63.34,33.91,0.272,24.36,9.78,1.354,1,35.2,670
2025-05-21 11:20:00,AGV-02,62.41,31.41,0.2563,24.2,9.94,1.274,1,42.2,680
2025-05-21 11:30:00,AGV-02,62.03,33.0,0.226,24.15,10.51,1.172,1,51.2,690
2025-05-21 11:40:00,AGV-02,62.8,33.81,0.2744,23.84,10.46,1.232,0,46.4,700
2025-05-21 11:50:00,AGV-02,62.46,34.28,0.2578,24.17,8.42,1.419,0,54.7,710
2025-05-21 12:00:00,AGV-02,64.49,32.39,0.2821,24.13,8.53,1.525,2,44.3,720
2025-05-21 12:10:00,AGV-02,61.59,34.83,0.2656,23.57,10.18,1.32,2,44.5,730
2025-05-21 12:20:00,AGV-02,62.5,34.49,0.2723,24.06,10.21,1.321,0,46.8,740
2025-05-21 12:30:00,AGV-02,66.02,33.53,0.2618,24.0,9.26,1.52,0,36.9,750
2025-05-21 12:40:00,AGV-02,64.94,32.9,0.2777,24.18,10.22,1.432,0,44.5,760
2025-05-21 12:50:00,AGV-02,63.22,33.85,0.2928,23.81,9.69,1.546,2,47.5,770
2025-05-21 13:00:00,AGV-02,60.87,33.11,0.2994,23.93,10.21,1.435,1,51.1,780
2025-05-21 13:10:00,AGV-02,66.31,32.8,0.286,23.81,9.52,1.362,2,33.0,790
2025-05-21 13:20:00,AGV-02,63.86,35.52,0.2583,24.04,8.91,1.202,1,42.9,800
2025-05-21 13:30:00,AGV-02,62.87,32.44,0.2694,23.7,10.11,1.412,0,37.7,810
2025-05-21 13:40:00,AGV-02,65.64,33.28,0.2811,24.55,9.8,1.373,0,46.1,820
2025-05-21 13:50:00,AGV-02,63.0,33.56,0.256,24.22,9.52,1.685,1,44.7,830
2025-05-21 14:00:00,AGV-02,63.17,32.38,0.2362,23.68,9.71,1.476,1,42.6,840
2025-05-21 14:10:00,AGV-02,64.57,35.52,0.2906,23.95,8.79,1.077,0,41.4,850
2025-05-21 14:20:00,AGV-02,66.74,33.43,0.2833,23.97,10.48,1.574,0,44.5,860
2025-05-21 14:30:00,AGV-02,64.6,34.65,0.2781,24.19,9.73,1.308,1,46.8,870
2025-05-21 14:40:00,AGV-02,62.97,34.06,0.2732,23.96,9.4,1.118,1,45.8,880
2025-05-21 14:50:00,AGV-02,63.26,35.24,0.257,24.19,9.84,1.303,1,53.9,890
2025-05-21 15:00:00,AGV-02,66.42,33.32,0.3026,23.95,9.73,1.439,2,35.8,900
2025-05-21 15:10:00,AGV-02,66.79,35.59,0.2907,23.8,10.69,1.362,0,38.9,910
2025-05-21 15:20:00,AGV-02,64.69,34.8,0.3017,24.28,9.05,1.369,1,49.8,920
2025-05-21 15:30:00,AGV-02,67.69,32.8,0.2641,23.99,9.72,1.279,1,47.1,930
2025-05-21 15:40:00,AGV-02,66.2,34.06,0.2676,23.98,9.43,1.344,0,36.0,940
2025-05-21 15:50:00,AGV-02,64.97,33.98,0.2814,24.05,10.22,1.169,1,37.6,950
2025-05-21 16:00:00,AGV-02,65.9,32.91,0.3087,24.05,9.32,1.584,0,41.1,960
2025-05-21 16:10:00,AGV-02,64.81,33.94,0.2682,23.6,10.1,1.239,1,46.2,970
2025-05-21 16:20:00,AGV-02,62.06,33.84,0.3001,24.39,8.52,1.475,1,58.2,980
2025-05-21 16:30:00,AGV-02,63.73,34.39,0.2879,24.22,9.58,1.446,0,43.0,990
2025-05-21 16:40:00,AGV-02,65.1,35.03,0.2764,23.77,9.49,1.459,2,40.5,1000
2025-05-21 16:50:00,AGV-02,65.24,33.58,0.3069,23.57,12.01,1.558,3,46.1,1010
2025-05-21 17:00:00,AGV-02,67.18,34.28,0.2759,23.97,9.34,1.57,2,44.3,1020
2025-05-21 17:10:00,AGV-02,67.97,36.54,0.2841,24.39,9.31,1.543,0,50.5,1030
2025-05-21 17:20:00,AGV-02,65.14,32.85,0.2682,24.17,10.26,1.477,1,48.6,1040
2025-05-21 17:30:00,AGV-02,67.49,33.6,0.2898,24.16,10.1,1.578,2,48.5,1050
2025-05-21 17:40:00,AGV-02,65.61,34.24,0.2488,23.67,9.35,1.318,0,35.5,1060
2025-05-21 17:50:00,AGV-02,67.29,34.28,0.2657,24.13,10.25,1.159,0,41.2,1070
2025-05-21 18:00:00,AGV-02,68.4,33.67,0.2794,24.14,9.28,1.495,1,45.4,1080
2025-05-21 18:10:00,AGV-02,67.25,32.66,0.307,23.83,9.77,1.401,2,50.0,1090
2025-05-21 18:20:00,AGV-02,67.66,33.84,0.2995,23.81,9.88,1.476,2,41.3,1100
2025-05-21 18:30:00,AGV-02,68.81,32.52,0.2833,24.07,8.74,1.306,1,45.1,1110
2025-05-21 18:40:00,AGV-02,66.32,35.5,0.2788,23.84,10.08,1.327,2,49.3,1120
2025-05-21 18:50:00,AGV-02,67.53,34.78,0.2827,24.05,9.03,1.034,2,44.3,1130
2025-05-21 19:00:00,AGV-02,68.64,33.59,0.289,24.01,8.66,1.559,0,48.1,1140
2025-05-21 19:10:00,AGV-02,69.8,34.29,0.2767,24.0,9.98,1.183,0,33.5,1150
2025-05-21 19:20:00,AGV-02,66.02,33.03,0.3109,23.94,9.18,1.472,3,49.9,1160
2025-05-21 19:30:00,AGV-02,70.66,33.72,0.2783,24.25,10.15,1.561,2,38.2,1170
2025-05-21 19:40:00,AGV-02,67.89,35.09,0.2762,23.97,9.53,1.25,2,37.4,1180
2025-05-21 19:50:00,AGV-02,66.82,34.28,0.2348,24.16,7.57,1.388,3,45.1,1190
2025-05-21 20:00:00,AGV-02,70.23,33.8,0.2905,24.31,9.31,1.429,1,49.9,1200
2025-05-21 20:10:00,AGV-02,67.67,32.38,0.2936,24.2,8.42,1.501,1,48.4,1210
2025-05-21 20:20:00,AGV-02,68.32,34.38,0.2741,23.84,10.84,1.384,1,47.7,1220
2025-05-21 20:30:00,AGV-02,69.13,34.37,0.2765,23.87,9.02,1.451,2,40.0,1230
2025-05-21 20:40:00,AGV-02,69.93,35.74,0.3216,23.8,8.85,1.211,2,46.7,1240
2025-05-21 20:50:00,AGV-02,70.25,33.53,0.2873,24.01,9.97,1.401,1,36.9,1250
2025-05-21 21:00:00,AGV-02,70.72,34.02,0.3347,23.62,9.05,1.388,0,37.9,1260
2025-05-21 21:10:00,AGV-02,69.2,34.23,0.3032,23.68,9.87,1.704,0,38.2,1270
2025-05-21 21:20:00,AGV-02,69.98,34.72,0.3029,23.88,9.52,1.486,2,54.0,1280
2025-05-21 21:30:00,AGV-02,69.58,35.42,0.2665,23.81,9.88,1.623,1,46.8,1290
2025-05-21 21:40:00,AGV-02,68.13,35.32,0.3105,23.91,9.12,1.44,1,55.5,1300
2025-05-21 21:50:00,AGV-02,69.78,34.38,0.2804,24.15,9.36,1.303,4,51.6,1310
2025-05-21 22:00:00,AGV-02,72.07,34.16,0.302,23.68,10.6,1.213,1,37.4,1320
2025-05-21 22:10:00,AGV-02,70.48,34.99,0.2906,23.69,11.09,1.482,2,58.2,1330
2025-05-21 22:20:00,AGV-02,70.28,35.72,0.2923,24.3,8.34,1.398,1,49.4,1340
2025-05-21 22:30:00,AGV-02,70.08,32.21,0.2994,24.09,9.82,1.585,2,39.6,1350
2025-05-21 22:40:00,AGV-02,71.01,35.89,0.2844,23.67,10.05,1.016,0,39.6,1360
2025-05-21 22:50:00,AGV-02,69.36,35.54,0.2734,24.13,9.87,1.141,3,41.6,1370
2025-05-21 23:00:00,AGV-02,72.31,34.62,0.285,24.28,10.89,1.547,0,54.0,1380
2025-05-21 23:10:00,AGV-02,71.85,35.38,0.286,24.11,9.58,1.162,2,49.0,1390
2025-05-21 23:20:00,AGV-02,74.41,38.03,0.3101,23.96,9.93,1.533,5,49.2,1400
2025-05-21 23:30:00,AGV-02,70.64,34.38,0.2764,24.09,10.12,1.469,3,53.4,1410
2025-05-21 23:40:00,AGV-02,72.75,35.81,0.2931,23.99,8.29,1.346,4,54.1,1420
2025-05-21 23:50:00,AGV-02,71.91,34.74,0.3049,24.05,10.61,1.251,2,43.6,1430
2025-05-21 00:00:00,AGV-03,59.04,32.61,0.2712,24.12,10.05,1.195,0,45.3,0
2025-05-21 00:10:00,AGV-03,57.04,32.0,0.2281,24.25,8.29,1.583,0,40.7,10
2025-05-21 00:20:00,AGV-03,57.21,31.3,0.2282,24.25,9.38,1.318,0,51.9,20
2025-05-21 00:30:00,AGV-03,59.74,31.82,0.2614,24.3,9.11,1.356,0,42.4,30
2025-05-21 00:40:00,AGV-03,58.55,32.97,0.2521,23.85,9.32,1.261,0,41.8,40
2025-05-21 00:50:00,AGV-03,60.6,31.91,0.2188,23.83,8.98,1.138,0,44.4,50
2025-05-21 01:00:00,AGV-03,58.38,33.09,0.2383,24.04,9.08,1.359,0,52.5,60
2025-05-21 01:10:00,AGV-03,59.96,34.22,0.2737,23.69,10.26,1.498,0,37.3,70
2025-05-21 01:20:00,AGV-03,58.93,33.38,0.262,23.73,10.36,1.575,0,45.2,80
2025-05-21 01:30:00,AGV-03,57.74,32.72,0.2225,23.98,9.92,1.342,0,47.1,90
2025-05-21 01:40:00,AGV-03,58.11,32.88,0.2604,23.93,9.42,1.524,0,53.4,100
2025-05-21 01:50:00,AGV-03,57.43,33.08,0.255,24.31,10.56,1.521,0,40.1,110
2025-05-21 02:00:00,AGV-03,58.63,32.84,0.242,23.86,8.8,1.275,0,53.5,120
2025-05-21 02:10:00,AGV-03,57.77,34.7,0.2786,24.08,9.9,1.19,0,46.0,130
2025-05-21 02:20:00,AGV-03,59.55,33.98,0.2444,24.01,10.09,1.369,0,36.4,140
2025-05-21 02:30:00,AGV-03,58.7,33.91,0.2554,24.22,10.06,1.721,0,41.2,150
2025-05-21 02:40:00,AGV-03,57.39,34.83,0.3017,23.85,9.12,1.529,0,41.5,160
2025-05-21 02:50:00,AGV-03,58.33,33.91,0.2626,24.05,9.26,1.662,0,39.9,170
2025-05-21 03:00:00,AGV-03,57.94,32.85,0.2799,24.07,10.02,1.545,0,40.0,180
2025-05-21 03:10:00,AGV-03,56.71,33.24,0.2321,23.57,10.0,1.557,0,42.7,190
2025-05-21 03:20:00,AGV-03,59.24,32.9,0.2641,24.07,9.65,1.067,1,43.9,200
2025-05-21 03:30:00,AGV-03,57.17,33.34,0.3275,24.07,9.33,1.538,1,47.4,210
2025-05-21 03:40:00,AGV-03,61.56,32.05,0.2786,23.81,10.03,1.262,0,45.6,220
2025-05-21 03:50:00,AGV-03,61.13,32.91,0.2789,23.84,9.37,1.416,0,37.4,230
2025-05-21 04:00:00,AGV-03,56.48,32.64,0.2922,24.42,8.33,1.118,0,50.4,240
2025-05-21 04:10:00,AGV-03,60.16,33.22,0.2472,24.2,9.42,1.482,0,56.1,250
2025-05-21 04:20:00,AGV-03,57.23,33.49,0.2566,23.92,8.82,1.498,0,44.3,260
2025-05-21 04:30:00,AGV-03,58.91,30.56,0.2812,23.99,9.01,1.704,0,49.8,270
2025-05-21 04:40:00,AGV-03,59.11,35.02,0.2849,24.08,9.59,1.584,0,43.8,280
2025-05-21 04:50:00,AGV-03,60.87,33.6,0.273,23.98,10.45,1.372,1,41.5,290
2025-05-21 05:00:00,AGV-03,58.35,34.23,0.2904,24.01,9.8,1.316,0,51.0,300
2025-05-21 05:10:00,AGV-03,58.06,31.42,0.2944,23.87,8.7,1.306,0,44.1,310
2025-05-21 05:20:00,AGV-03,61.48,33.03,0.3093,24.19,9.49,1.717,0,48.0,320
2025-05-21 05:30:00,AGV-03,59.88,32.59,0.2867,24.09,10.83,1.506,1,48.9,330
2025-05-21 05:40:00,AGV-03,59.53,32.48,0.3148,24.14,9.32,1.328,1,46.0,340
2025-05-21 05:50:00,AGV-03,59.43,35.06,0.3098,24.04,10.43,1.245,0,47.0,350
2025-05-21 06:00:00,AGV-03,57.52,34.31,0.2774,23.8,9.08,1.297,0,45.1,360
2025-05-21 06:10:00,AGV-03,60.4,32.48,0.3221,24.1,10.52,1.301,0,49.3,370
2025-05-21 06:20:00,AGV-03,59.23,33.35,0.2649,24.22,9.05,1.309,0,47.3,380
2025-05-21 06:30:00,AGV-03,57.08,34.27,0.2705,24.11,10.21,1.295,0,47.9,390
2025-05-21 06:40:00,AGV-03,57.75,34.87,0.2876,23.99,9.45,1.474,0,45.5,400
2025-05-21 06:50:00,AGV-03,58.82,34.13,0.2926,23.93,10.31,1.45,0,46.6,410
2025-05-21 07:00:00,AGV-03,58.2,33.6,0.3236,23.84,10.03,1.447,1,44.5,420
2025-05-21 07:10:00,AGV-03,58.55,34.7,0.2903,23.64,10.26,1.22,0,48.5,430
2025-05-21 07:20:00,AGV-03,60.28,34.84,0.3118,24.22,11.36,1.554,1,45.7,440
2025-05-21 07:30:00,AGV-03,59.43,33.17,0.3372,23.84,10.99,1.475,2,38.0,450
2025-05-21 07:40:00,AGV-03,57.24,33.68,0.3301,24.11,10.32,1.64,0,54.8,460
2025-05-21 07:50:00,AGV-03,58.73,32.5,0.3393,24.39,9.78,1.552,0,51.7,470
2025-05-21 08:00:00,AGV-03,60.15,32.56,0.2875,24.07,9.47,1.673,1,47.6,480
2025-05-21 08:10:00,AGV-03,61.58,34.44,0.3235,23.8,12.25,1.235,0,43.4,490
2025-05-21 08:20:00,AGV-03,60.22,33.41,0.3506,24.31,9.43,1.377,0,41.0,500
2025-05-21 08:30:00,AGV-03,59.46,34.56,0.3227,24.07,10.46,1.464,1,43.3,510
2025-05-21 08:40:00,AGV-03,58.39,34.65,0.3252,24.01,10.78,1.382,0,42.4,520
2025-05-21 08:50:00,AGV-03,59.49,33.46,0.3065,23.96,8.6,1.326,0,43.6,530
2025-05-21 09:00:00,AGV-03,57.28,33.23,0.3112,24.21,9.03,1.286,0,41.2,540
2025-05-21 09:10:00,AGV-03,57.94,33.25,0.3292,24.12,9.41,1.338,1,40.4,550
2025-05-21 09:20:00,AGV-03,59.89,32.88,0.3391,23.64,9.58,1.445,0,39.2,560
2025-05-21 09:30:00,AGV-03,60.02,32.32,0.3453,23.83,9.85,1.117,1,43.0,570
2025-05-21 09:40:00,AGV-03,58.27,31.44,0.3426,24.33,10.79,1.502,1,51.1,580
2025-05-21 09:50:00,AGV-03,60.3,32.6,0.3239,24.34,9.83,0.901,1,37.7,590
2025-05-21 10:00:00,AGV-03,59.74,34.86,0.3255,23.61,9.51,1.452,0,54.5,600
2025-05-21 10:10:00,AGV-03,62.64,36.05,0.335,24.06,8.7,1.622,0,39.2,610
2025-05-21 10:20:00,AGV-03,58.32,34.14,0.3222,23.86,10.28,1.335,0,39.5,620
2025-05-21 10:30:00,AGV-03,60.65,35.09,0.3323,23.86,9.75,1.577,1,46.0,630
2025-05-21 10:40:00,AGV-03,58.72,34.57,0.353,23.94,9.27,1.267,0,46.5,640
2025-05-21 10:50:00,AGV-03,60.99,35.26,0.3608,23.97,9.01,1.293,0,43.7,650
2025-05-21 11:00:00,AGV-03,59.08,33.26,0.3551,23.96,8.17,1.082,1,31.3,660
2025-05-21 11:10:00,AGV-03,59.79,33.43,0.3793,23.92,10.28,1.421,2,34.3,670
2025-05-21 11:20:00,AGV-03,59.62,33.98,0.355,23.9,10.95,1.367,0,44.8,680
2025-05-21 11:30:00,AGV-03,60.02,33.43,0.3627,23.7,10.6,1.338,1,39.3,690
2025-05-21 11:40:00,AGV-03,59.91,34.38,0.3438,24.15,10.56,1.677,1,45.5,700
2025-05-21 11:50:00,AGV-03,62.71,33.32,0.3757,23.96,9.97,1.414,1,46.3,710
2025-05-21 12:00:00,AGV-03,63.2,35.05,0.3805,23.91,9.32,1.543,0,50.0,720
2025-05-21 12:10:00,AGV-03,62.45,32.99,0.3399,23.98,9.4,1.277,2,38.7,730
2025-05-21 12:20:00,AGV-03,61.91,33.91,0.3744,23.77,10.12,0.951,0,55.4,740
2025-05-21 12:30:00,AGV-03,60.45,34.95,0.3866,24.17,10.2,1.485,0,48.5,750
2025-05-21 12:40:00,AGV-03,59.64,35.9,0.3913,23.95,10.98,1.234,0,42.5,760
2025-05-21 12:50:00,AGV-03,60.39,33.34,0.3374,24.05,11.46,1.391,0,35.7,770
2025-05-21 13:00:00,AGV-03,59.14,36.18,0.3958,24.02,11.11,1.273,3,48.7,780
2025-05-21 13:10:00,AGV-03,61.68,32.56,0.3608,23.98,10.18,1.23,0,57.1,790
2025-05-21 13:20:00,AGV-03,61.54,33.56,0.391,24.42,8.73,1.487,3,44.7,800
2025-05-21 13:30:00,AGV-03,62.05,33.83,0.3821,24.03,9.89,1.172,1,43.8,810
2025-05-21 13:40:00,AGV-03,58.64,35.32,0.3961,24.09,8.41,1.351,0,42.1,820
2025-05-21 13:50:00,AGV-03,63.06,32.79,0.3334,23.91,10.6,1.58,1,42.7,830
2025-05-21 14:00:00,AGV-03,58.76,33.95,0.3964,24.09,9.76,1.405,1,47.3,840
2025-05-21 14:10:00,AGV-03,60.15,34.42,0.4041,23.93,10.32,1.256,2,44.0,850
2025-05-21 14:20:00,AGV-03,61.37,33.75,0.354,24.23,10.51,1.464,1,42.7,860
2025-05-21 14:30:00,AGV-03,61.32,33.34,0.3645,24.23,11.23,1.375,0,41.6,870
2025-05-21 14:40:00,AGV-03,62.3,34.1,0.401,23.89,9.01,1.448,2,46.8,880
2025-05-21 14:50:00,AGV-03,61.5,35.83,0.4341,24.29,9.78,1.698,1,46.8,890
2025-05-21 15:00:00,AGV-03,61.5,34.76,0.4112,24.25,10.06,1.575,1,48.3,900
2025-05-21 15:10:00,AGV-03,61.31,36.86,0.3575,24.13,8.84,1.366,0,44.6,910
2025-05-21 15:20:00,AGV-03,61.94,34.95,0.3961,24.26,11.1,1.488,2,45.4,920
2025-05-21 15:30:00,AGV-03,61.65,35.84,0.4378,24.09,9.36,1.293,1,39.9,930
2025-05-21 15:40:00,AGV-03,61.73,34.24,0.4487,23.9,9.62,1.366,0,50.2,940
2025-05-21 15:50:00,AGV-03,64.77,34.12,0.4092,24.1,10.02,1.379,0,48.7,950
2025-05-21 16:00:00,AGV-03,62.48,34.11,0.417,23.98,10.17,1.405,1,45.5,960
2025-05-21 16:10:00,AGV-03,61.67,35.0,0.4254,23.65,10.6,1.247,2,49.7,970
2025-05-21 16:20:00,AGV-03,62.34,34.08,0.4383,24.09,9.78,1.293,2,35.1,980
2025-05-21 16:30:00,AGV-03,61.65,35.39,0.4169,24.0,9.83,1.11,1,41.6,990
2025-05-21 16:40:00,AGV-03,63.01,33.55,0.4474,24.14,10.23,1.375,0,39.2,1000
2025-05-21 16:50:00,AGV-03,60.07,34.37,0.4411,23.98,10.05,1.258,1,48.0,1010
2025-05-21 17:00:00,AGV-03,61.27,34.04,0.4114,23.9,11.17,1.477,2,47.4,1020
2025-05-21 17:10:00,AGV-03,61.8,36.22,0.4207,23.92,10.24,1.491,2,50.6,1030
2025-05-21 17:20:00,AGV-03,66.33,34.22,0.4157,23.62,10.99,1.118,1,45.9,1040
2025-05-21 17:30:00,AGV-03,63.62,35.09,0.4748,23.81,9.89,1.284,1,49.2,1050
2025-05-21 17:40:00,AGV-03,64.4,35.35,0.4758,23.76,11.78,1.628,2,49.6,1060
2025-05-21 17:50:00,AGV-03,61.98,35.65,0.4342,24.12,9.41,1.279,0,48.5,1070
2025-05-21 18:00:00,AGV-03,63.62,33.96,0.4409,24.25,11.1,1.394,1,39.6,1080
2025-05-21 18:10:00,AGV-03,66.14,33.7,0.4645,24.2,9.48,1.428,2,49.7,1090
2025-05-21 18:20:00,AGV-03,63.64,34.21,0.4762,23.95,9.65,1.358,1,54.5,1100
2025-05-21 18:30:00,AGV-03,63.78,35.14,0.4696,24.24,11.44,1.383,0,46.3,1110
2025-05-21 18:40:00,AGV-03,62.17,34.35,0.4932,24.29,10.34,1.407,1,48.3,1120
2025-05-21 18:50:00,AGV-03,66.47,34.21,0.4649,24.05,11.06,1.368,2,40.6,1130
2025-05-21 19:00:00,AGV-03,61.69,34.36,0.4759,23.94,11.04,1.815,0,34.2,1140
2025-05-21 19:10:00,AGV-03,65.02,33.58,0.5084,23.93,10.4,1.306,0,43.6,1150
2025-05-21 19:20:00,AGV-03,63.74,35.44,0.5027,24.02,10.13,1.552,1,51.0,1160
2025-05-21 19:30:00,AGV-03,65.57,34.4,0.4764,23.82,10.86,1.66,4,48.5,1170
2025-05-21 19:40:00,AGV-03,62.16,35.67,0.5291,23.8,10.32,1.462,0,57.8,1180
2025-05-21 19:50:00,AGV-03,63.05,34.4,0.4921,24.24,12.45,1.499,1,38.6,1190
2025-05-21 20:00:00,AGV-03,67.04,35.26,0.4767,23.78,11.31,1.436,3,42.4,1200
2025-05-21 20:10:00,AGV-03,67.41,35.91,0.4781,23.59,11.3,1.344,2,44.2,1210
2025-05-21 20:20:00,AGV-03,62.79,36.97,0.4939,24.32,11.21,1.379,1,47.1,1220
2025-05-21 20:30:00,AGV-03,64.43,34.77,0.4993,24.02,8.98,1.469,2,40.1,1230
2025-05-21 20:40:00,AGV-03,63.0,35.16,0.5014,24.19,11.97,1.232,2,47.0,1240
2025-05-21 20:50:00,AGV-03,64.67,35.35,0.4849,24.29,12.16,1.148,0,39.9,1250
2025-05-21 21:00:00,AGV-03,62.87,35.1,0.4951,24.14,10.79,1.298,3,45.9,1260
2025-05-21 21:10:00,AGV-03,66.71,35.61,0.4992,23.96,11.39,1.284,0,42.8,1270
2025-05-21 21:20:00,AGV-03,67.66,34.13,0.5283,24.3,12.57,1.339,3,47.2,1280
2025-05-21 21:30:00,AGV-03,60.98,36.23,0.5238,23.96,12.41,1.299,2,43.0,1290
2025-05-21 21:40:00,AGV-03,65.06,34.98,0.5198,24.16,10.55,1.183,0,47.1,1300
2025-05-21 21:50:00,AGV-03,65.57,33.83,0.5489,24.05,11.91,1.467,4,50.5,1310
2025-05-21 22:00:00,AGV-03,63.01,36.14,0.5529,24.39,11.94,1.483,1,42.0,1320
2025-05-21 22:10:00,AGV-03,65.45,34.45,0.5298,23.9,10.39,1.319,2,44.3,1330
2025-05-21 22:20:00,AGV-03,66.81,35.32,0.5376,23.77,12.2,1.685,3,45.9,1340
2025-05-21 22:30:00,AGV-03,63.26,35.31,0.5431,23.91,10.69,1.386,0,44.6,1350
2025-05-21 22:40:00,AGV-03,62.89,35.87,0.5501,24.03,10.61,1.248,1,39.4,1360
2025-05-21 22:50:00,AGV-03,68.08,33.14,0.5405,24.02,11.3,1.263,1,50.7,1370
2025-05-21 23:00:00,AGV-03,66.44,36.85,0.5221,24.53,10.19,1.203,4,42.5,1380
2025-05-21 23:10:00,AGV-03,63.53,36.17,0.5523,24.1,10.5,1.583,4,40.6,1390
2025-05-21 23:20:00,AGV-03,65.91,35.51,0.5518,23.79,9.17,1.566,2,40.2,1400
2025-05-21 23:30:00,AGV-03,68.2,35.32,0.5366,23.96,12.61,1.125,2,39.7,1410
2025-05-21 23:40:00,AGV-03,69.69,34.58,0.5354,24.07,11.93,1.306,2,51.9,1420
2025-05-21 23:50:00,AGV-03,66.39,36.66,0.596,23.78,10.96,1.32,2,37.2,1430
2025-05-21 00:00:00,AGV-04,58.0,32.77,0.2699,23.82,9.55,1.346,0,44.4,0
2025-05-21 00:10:00,AGV-04,56.05,33.24,0.2349,23.56,10.46,1.544,0,45.3,10
2025-05-21 00:20:00,AGV-04,59.41,33.2,0.2751,24.08,10.75,1.334,0,38.6,20
2025-05-21 00:30:00,AGV-04,58.44,32.2,0.2373,23.84,8.65,1.719,0,51.7,30
2025-05-21 00:40:00,AGV-04,56.92,33.25,0.2203,24.02,8.92,1.166,0,50.3,40
2025-05-21 00:50:00,AGV-04,58.92,35.37,0.2205,24.25,10.42,1.254,0,50.0,50
2025-05-21 01:00:00,AGV-04,57.6,33.54,0.2407,23.93,9.5,1.573,0,48.9,60
2025-05-21 01:10:00,AGV-04,56.84,32.33,0.2719,23.73,9.17,1.405,0,45.6,70
2025-05-21 01:20:00,AGV-04,59.53,32.43,0.2655,24.21,9.42,1.463,0,51.0,80
2025-05-21 01:30:00,AGV-04,59.37,31.78,0.2573,23.6,9.54,1.685,0,40.3,90
2025-05-21 01:40:00,AGV-04,57.28,31.76,0.2337,23.87,9.59,1.411,0,47.1,100
2025-05-21 01:50:00,AGV-04,58.44,32.87,0.2578,23.98,9.87,1.325,0,44.1,110
2025-05-21 02:00:00,AGV-04,57.61,32.79,0.2703,23.88,9.2,1.508,0,47.0,120
2025-05-21 02:10:00,AGV-04,58.88,33.72,0.234,24.03,9.79,1.401,0,34.6,130
2025-05-21 02:20:00,AGV-04,56.49,33.33,0.2704,23.88,9.4,1.451,0,48.7,140
2025-05-21 02:30:00,AGV-04,58.95,33.19,0.2574,24.21,10.2,1.229,0,49.1,150
2025-05-21 02:40:00,AGV-04,57.77,35.18,0.2437,24.21,9.77,1.35,0,48.0,160
2025-05-21 02:50:00,AGV-04,56.81,35.89,0.2561,24.26,9.38,1.48,0,49.2,170
2025-05-21 03:00:00,AGV-04,58.8,34.38,0.2313,24.28,9.79,1.491,0,49.7,180
2025-05-21 03:10:00,AGV-04,57.76,34.54,0.28,23.82,8.83,1.379,0,46.5,190
2025-05-21 03:20:00,AGV-04,56.57,33.21,0.2515,23.95,9.45,1.433,0,46.4,200
2025-05-21 03:30:00,AGV-04,54.91,34.57,0.248,24.65,11.35,1.373,0,44.5,210
2025-05-21 03:40:00,AGV-04,55.79,35.34,0.2792,23.92,9.91,1.327,0,39.0,220
2025-05-21 03:50:00,AGV-04,54.65,34.5,0.2347,23.6,9.62,1.519,0,44.4,230
2025-05-21 04:00:00,AGV-04,56.02,33.27,0.2609,24.14,9.62,1.357,0,40.0,240
2025-05-21 04:10:00,AGV-04,57.87,31.55,0.255,24.29,8.32,1.312,0,46.6,250
2025-05-21 04:20:00,AGV-04,57.99,33.31,0.2401,24.22,11.02,1.309,0,46.4,260
2025-05-21 04:30:00,AGV-04,58.13,34.13,0.2514,23.84,10.16,1.434,0,45.1,270
2025-05-21 04:40:00,AGV-04,58.6,33.29,0.2233,23.9,9.08,1.554,0,41.1,280
2025-05-21 04:50:00,AGV-04,57.04,32.13,0.2612,23.63,8.52,1.089,0,44.6,290
2025-05-21 05:00:00,AGV-04,56.61,32.89,0.2335,23.9,9.19,1.443,0,45.9,300
2025-05-21 05:10:00,AGV-04,60.15,34.59,0.2437,24.05,9.31,1.401,0,43.4,310
2025-05-21 05:20:00,AGV-04,57.25,33.16,0.2351,23.71,10.25,1.065,0,40.5,320
2025-05-21 05:30:00,AGV-04,58.99,34.13,0.2128,24.13,10.15,1.251,0,47.1,330
2025-05-21 05:40:00,AGV-04,57.9,33.41,0.2422,23.98,9.39,1.462,0,43.0,340
2025-05-21 05:50:00,AGV-04,56.46,33.8,0.2578,23.99,9.65,1.299,0,50.9,350
2025-05-21 06:00:00,AGV-04,57.68,33.92,0.2581,24.17,8.5,1.234,0,40.1,360
2025-05-21 06:10:00,AGV-04,57.66,35.54,0.2602,23.81,9.25,1.308,0,41.5,370
2025-05-21 06:20:00,AGV-04,60.05,36.03,0.233,24.28,9.11,1.48,0,42.4,380
2025-05-21 06:30:00,AGV-04,59.02,35.71,0.2307,23.93,9.38,1.191,0,48.0,390
2025-05-21 06:40:00,AGV-04,57.49,34.2,0.2317,23.99,9.88,1.368,0,46.6,400
2025-05-21 06:50:00,AGV-04,60.78,34.66,0.273,23.72,9.63,1.235,0,37.6,410
2025-05-21 07:00:00,AGV-04,58.89,34.44,0.2655,24.3,9.31,1.15,0,46.5,420
2025-05-21 07:10:00,AGV-04,58.59,32.79,0.2355,23.99,9.93,1.071,0,44.2,430
2025-05-21 07:20:00,AGV-04,60.61,35.09,0.2426,24.21,10.42,1.367,0,52.0,440
2025-05-21 07:30:00,AGV-04,59.42,35.18,0.2611,23.89,9.4,1.65,0,40.3,450
2025-05-21 07:40:00,AGV-04,57.25,36.1,0.2309,24.1,9.74,1.643,0,50.0,460
2025-05-21 07:50:00,AGV-04,57.11,33.37,0.2519,23.98,9.94,1.542,0,44.7,470
2025-05-21 08:00:00,AGV-04,56.86,35.77,0.2331,23.97,10.1,1.222,0,39.1,480
2025-05-21 08:10:00,AGV-04,58.66,35.66,0.2845,24.18,10.11,1.409,0,46.9,490
2025-05-21 08:20:00,AGV-04,57.55,35.24,0.2743,23.89,8.18,1.626,0,42.9,500
2025-05-21 08:30:00,AGV-04,59.79,35.65,0.2628,23.94,8.48,1.477,0,40.8,510
2025-05-21 08:40:00,AGV-04,56.68,35.69,0.2669,23.62,9.83,1.532,0,45.2,520
2025-05-21 08:50:00,AGV-04,59.6,34.62,0.2617,24.06,7.99,1.702,0,51.5,530
2025-05-21 09:00:00,AGV-04,60.65,33.8,0.2561,24.02,8.48,1.457,0,51.8,540
2025-05-21 09:10:00,AGV-04,60.93,38.51,0.2323,24.05,7.83,1.483,0,42.3,550
2025-05-21 09:20:00,AGV-04,58.29,34.6,0.2396,24.39,9.85,1.145,0,34.7,560
2025-05-21 09:30:00,AGV-04,58.54,33.41,0.2486,24.33,9.79,1.27,1,44.8,570
2025-05-21 09:40:00,AGV-04,56.46,36.15,0.201,23.87,9.11,1.495,0,52.9,580
2025-05-21 09:50:00,AGV-04,58.57,35.74,0.2418,24.24,9.33,1.322,0,37.1,590
2025-05-21 10:00:00,AGV-04,61.79,34.27,0.2183,24.16,8.96,1.352,0,46.1,600
2025-05-21 10:10:00,AGV-04,58.06,36.04,0.2758,23.79,10.3,1.291,0,55.7,610
2025-05-21 10:20:00,AGV-04,57.35,36.78,0.266,23.96,9.48,1.297,0,49.6,620
2025-05-21 10:30:00,AGV-04,61.89,35.12,0.2312,24.04,10.42,1.259,0,45.2,630
2025-05-21 10:40:00,AGV-04,58.44,36.36,0.2412,24.04,9.87,1.429,0,46.1,640
2025-05-21 10:50:00,AGV-04,57.09,35.53,0.2846,24.07,10.17,1.438,0,49.0,650
2025-05-21 11:00:00,AGV-04,57.13,35.47,0.26,24.06,8.55,1.558,0,44.2,660
2025-05-21 11:10:00,AGV-04,61.06,36.74,0.2299,23.98,9.3,1.224,1,44.5,670
2025-05-21 11:20:00,AGV-04,58.21,35.88,0.2483,24.29,9.21,1.407,0,51.6,680
2025-05-21 11:30:00,AGV-04,58.33,37.18,0.2582,24.23,9.19,1.235,0,52.1,690
2025-05-21 11:40:00,AGV-04,57.31,35.17,0.2771,24.15,10.02,1.522,0,37.5,700
2025-05-21 11:50:00,AGV-04,57.52,37.81,0.2746,23.99,9.69,1.356,0,51.8,710
2025-05-21 12:00:00,AGV-04,57.69,35.44,0.2453,24.28,8.63,1.718,0,43.8,720
2025-05-21 12:10:00,AGV-04,55.89,36.15,0.2364,23.88,9.39,1.544,0,46.0,730
2025-05-21 12:20:00,AGV-04,61.26,37.68,0.2913,23.86,9.61,1.007,0,50.4,740
2025-05-21 12:30:00,AGV-04,60.66,36.65,0.2498,23.99,9.77,1.534,0,45.0,750
2025-05-21 12:40:00,AGV-04,60.77,37.2,0.2551,24.22,7.61,1.323,1,41.2,760
2025-05-21 12:50:00,AGV-04,58.73,34.71,0.2842,23.95,9.76,1.433,0,51.3,770
2025-05-21 13:00:00,AGV-04,58.82,37.47,0.2526,23.63,9.15,1.519,0,43.0,780
2025-05-21 13:10:00,AGV-04,57.73,36.91,0.2883,23.88,9.11,1.469,0,44.1,790
2025-05-21 13:20:00,AGV-04,58.81,37.45,0.2945,23.93,9.72,1.324,0,44.5,800
2025-05-21 13:30:00,AGV-04,57.18,35.91,0.2971,23.97,10.25,1.144,0,58.2,810
2025-05-21 13:40:00,AGV-04,60.51,35.73,0.1984,24.11,9.69,1.236,0,41.6,820
2025-05-21 13:50:00,AGV-04,56.52,36.58,0.2617,23.96,8.56,1.144,0,45.4,830
2025-05-21 14:00:00,AGV-04,58.51,36.92,0.2749,23.63,9.54,1.484,0,43.3,840
2025-05-21 14:10:00,AGV-04,56.44,38.63,0.2771,24.4,11.32,1.224,1,43.3,850
2025-05-21 14:20:00,AGV-04,62.69,37.57,0.2641,23.7,9.62,1.69,1,51.4,860
2025-05-21 14:30:00,AGV-04,58.02,37.3,0.2368,23.83,7.97,1.387,0,52.6,870
2025-05-21 14:40:00,AGV-04,56.19,38.67,0.2478,24.14,9.52,1.169,0,30.5,880
2025-05-21 14:50:00,AGV-04,59.86,37.93,0.2691,24.21,9.66,1.645,0,48.1,890
2025-05-21 15:00:00,AGV-04,58.85,37.05,0.2798,23.94,10.11,1.356,1,46.5,900
2025-05-21 15:10:00,AGV-04,56.01,36.9,0.2786,23.97,9.08,1.196,0,39.6,910
2025-05-21 15:20:00,AGV-04,57.51,37.52,0.2338,23.58,9.73,1.407,0,50.8,920
2025-05-21 15:30:00,AGV-04,60.5,37.41,0.2644,23.91,9.65,1.626,0,48.0,930
2025-05-21 15:40:00,AGV-04,58.85,39.48,0.2517,23.93,9.05,1.232,0,39.7,940
2025-05-21 15:50:00,AGV-04,59.26,37.37,0.2449,23.92,8.41,1.254,0,48.5,950
2025-05-21 16:00:00,AGV-04,59.53,38.38,0.2381,23.82,10.73,1.405,0,43.0,960
2025-05-21 16:10:00,AGV-04,60.61,37.4,0.2836,24.03,9.23,1.397,0,44.5,970
2025-05-21 16:20:00,AGV-04,60.69,39.37,0.28,23.88,9.13,1.132,0,48.4,980
2025-05-21 16:30:00,AGV-04,57.41,39.46,0.2654,24.09,8.98,1.151,0,47.5,990
2025-05-21 16:40:00,AGV-04,60.45,36.98,0.265,24.19,9.76,1.742,0,44.8,1000
2025-05-21 16:50:00,AGV-04,56.8,37.93,0.2505,23.59,9.54,1.363,0,36.6,1010
2025-05-21 17:00:00,AGV-04,58.29,39.28,0.2749,24.12,9.17,1.443,0,46.4,1020
2025-05-21 17:10:00,AGV-04,61.0,38.45,0.3041,23.89,9.53,1.299,0,46.1,1030
2025-05-21 17:20:00,AGV-04,59.82,37.33,0.2703,23.85,9.1,1.466,0,33.1,1040
2025-05-21 17:30:00,AGV-04,62.31,39.52,0.2469,24.03,9.64,1.3,0,46.0,1050
2025-05-21 17:40:00,AGV-04,58.65,38.7,0.2741,23.97,10.4,1.455,0,46.6,1060
2025-05-21 17:50:00,AGV-04,58.48,40.24,0.2357,23.82,8.73,1.562,0,49.7,1070
2025-05-21 18:00:00,AGV-04,61.29,40.82,0.27,23.83,9.07,1.389,0,47.7,1080
2025-05-21 18:10:00,AGV-04,60.63,38.92,0.2619,23.79,7.5,1.43,0,48.0,1090
2025-05-21 18:20:00,AGV-04,58.21,39.72,0.262,24.05,7.75,1.35,0,51.3,1100
2025-05-21 18:30:00,AGV-04,60.77,38.87,0.2409,24.07,8.82,1.415,0,42.6,1110
2025-05-21 18:40:00,AGV-04,59.18,40.83,0.2477,23.98,10.3,1.479,0,50.9,1120
2025-05-21 18:50:00,AGV-04,58.98,39.61,0.2739,23.73,9.68,1.483,0,48.4,1130
2025-05-21 19:00:00,AGV-04,59.09,41.22,0.276,23.6,9.66,1.352,0,42.5,1140
2025-05-21 19:10:00,AGV-04,58.68,41.29,0.2702,24.25,9.73,1.226,0,38.3,1150
2025-05-21 19:20:00,AGV-04,60.57,41.63,0.2956,24.1,8.65,1.494,0,49.3,1160
2025-05-21 19:30:00,AGV-04,60.09,40.43,0.2724,24.06,10.53,1.594,0,47.7,1170
2025-05-21 19:40:00,AGV-04,60.44,40.87,0.2828,23.73,9.66,1.388,0,39.0,1180
2025-05-21 19:50:00,AGV-04,59.93,39.67,0.2761,23.99,8.22,1.463,0,42.1,1190
2025-05-21 20:00:00,AGV-04,57.67,41.28,0.2747,23.82,10.67,1.481,0,34.2,1200
2025-05-21 20:10:00,AGV-04,57.75,39.74,0.2384,23.68,9.83,1.368,0,46.9,1210
2025-05-21 20:20:00,AGV-04,60.0,40.06,0.2646,24.1,9.62,1.457,0,42.1,1220
2025-05-21 20:30:00,AGV-04,58.18,40.72,0.2475,23.92,9.78,1.452,0,40.5,1230
2025-05-21 20:40:00,AGV-04,61.62,39.73,0.3054,24.08,10.33,1.62,0,44.7,1240
2025-05-21 20:50:00,AGV-04,58.79,41.26,0.2851,24.1,8.8,1.511,0,41.8,1250
2025-05-21 21:00:00,AGV-04,59.83,41.27,0.2968,23.73,8.12,1.11,0,46.9,1260
2025-05-21 21:10:00,AGV-04,60.53,41.18,0.2654,24.08,9.32,1.609,0,49.2,1270
2025-05-21 21:20:00,AGV-04,61.85,39.95,0.2723,23.94,10.06,1.218,0,40.5,1280
2025-05-21 21:30:00,AGV-04,60.02,42.27,0.2555,24.17,8.52,1.618,0,45.1,1290
2025-05-21 21:40:00,AGV-04,58.96,40.73,0.2615,23.9,9.14,1.575,0,39.1,1300
2025-05-21 21:50:00,AGV-04,62.47,41.11,0.284,24.04,8.71,1.399,0,48.9,1310
2025-05-21 22:00:00,AGV-04,62.42,41.32,0.2522,24.11,10.59,1.193,0,47.7,1320
2025-05-21 22:10:00,AGV-04,56.52,41.87,0.2709,23.94,10.53,1.463,0,51.6,1330
2025-05-21 22:20:00,AGV-04,62.39,40.5,0.2447,24.37,8.91,1.3,0,45.3,1340
2025-05-21 22:30:00,AGV-04,56.79,43.52,0.2579,24.01,9.25,1.572,0,30.8,1350
2025-05-21 22:40:00,AGV-04,62.32,41.59,0.3017,23.92,10.04,1.314,0,41.7,1360
2025-05-21 22:50:00,AGV-04,58.76,43.38,0.2771,23.69,9.07,1.458,0,49.2,1370
2025-05-21 23:00:00,AGV-04,57.71,42.32,0.2395,24.26,9.49,1.427,0,49.1,1380
2025-05-21 23:10:00,AGV-04,60.09,42.26,0.2967,24.13,10.79,1.191,0,44.8,1390
2025-05-21 23:20:00,AGV-04,60.34,42.41,0.2765,23.97,11.27,1.484,0,43.4,1400
2025-05-21 23:30:00,AGV-04,58.53,42.94,0.2533,24.3,9.27,1.315,0,42.6,1410
2025-05-21 23:40:00,AGV-04,60.25,43.19,0.2808,23.48,8.51,1.544,0,47.4,1420
2025-05-21 23:50:00,AGV-04,58.4,43.72,0.2505,24.14,10.38,1.529,0,46.3,1430
2025-05-21 00:00:00,AGV-05,56.24,32.21,0.268,24.23,8.96,1.288,0,37.8,0
2025-05-21 00:10:00,AGV-05,57.28,32.92,0.2549,24.19,9.92,1.371,0,44.0,10
2025-05-21 00:20:00,AGV-05,57.27,33.12,0.2201,24.19,10.53,1.306,0,47.9,20
2025-05-21 00:30:00,AGV-05,57.81,34.41,0.2403,24.19,9.47,1.309,0,48.0,30
2025-05-21 00:40:00,AGV-05,57.31,33.77,0.2525,23.76,11.0,1.547,0,48.6,40
2025-05-21 00:50:00,AGV-05,58.17,34.01,0.2604,24.01,9.26,1.388,0,29.1,50
2025-05-21 01:00:00,AGV-05,58.05,35.0,0.2482,24.32,9.83,1.256,0,46.5,60
2025-05-21 01:10:00,AGV-05,59.44,32.21,0.2507,23.73,10.06,1.478,1,47.5,70
2025-05-21 01:20:00,AGV-05,60.41,32.71,0.2528,23.78,8.81,1.415,0,47.9,80
2025-05-21 01:30:00,AGV-05,57.44,33.39,0.2368,24.05,8.85,1.578,0,42.1,90
2025-05-21 01:40:00,AGV-05,56.1,33.67,0.2634,24.08,8.7,1.437,0,47.5,100
2025-05-21 01:50:00,AGV-05,56.74,32.6,0.2553,24.27,9.52,1.403,0,48.7,110
2025-05-21 02:00:00,AGV-05,54.52,33.78,0.2495,24.24,8.62,0.923,0,43.3,120
2025-05-21 02:10:00,AGV-05,59.75,32.9,0.2081,23.7,9.83,1.39,0,52.3,130
2025-05-21 02:20:00,AGV-05,57.6,32.6,0.2477,24.05,9.38,1.21,0,44.7,140
2025-05-21 02:30:00,AGV-05,57.8,35.15,0.2867,23.85,7.86,1.385,0,46.9,150
2025-05-21 02:40:00,AGV-05,57.61,31.4,0.2352,24.13,10.64,1.337,0,38.1,160
2025-05-21 02:50:00,AGV-05,58.45,32.64,0.2583,23.93,10.19,1.259,0,50.8,170
2025-05-21 03:00:00,AGV-05,57.76,32.82,0.2331,24.0,9.45,1.436,0,36.5,180
2025-05-21 03:10:00,AGV-05,58.5,34.01,0.2756,23.92,9.62,1.408,0,52.4,190
2025-05-21 03:20:00,AGV-05,57.3,32.24,0.277,23.87,8.85,1.411,0,44.0,200
2025-05-21 03:30:00,AGV-05,56.68,33.19,0.2618,23.97,10.62,1.278,0,43.6,210
2025-05-21 03:40:00,AGV-05,57.16,33.48,0.1975,24.51,9.92,1.422,0,41.8,220
2025-05-21 03:50:00,AGV-05,58.09,32.32,0.2583,23.94,9.71,1.243,0,40.9,230
2025-05-21 04:00:00,AGV-05,57.89,31.32,0.2538,23.99,9.62,1.322,0,45.2,240
2025-05-21 04:10:00,AGV-05,59.89,35.59,0.2728,23.91,9.11,1.53,0,36.6,250
2025-05-21 04:20:00,AGV-05,56.98,33.97,0.2699,24.27,8.82,1.471,0,42.9,260
2025-05-21 04:30:00,AGV-05,58.75,33.2,0.2415,24.15,9.36,1.296,0,46.3,270
2025-05-21 04:40:00,AGV-05,56.77,31.78,0.2386,23.98,8.65,1.399,0,51.0,280
2025-05-21 04:50:00,AGV-05,57.01,32.57,0.2576,23.72,8.34,1.457,0,42.8,290
2025-05-21 05:00:00,AGV-05,57.26,31.85,0.2554,23.84,9.09,1.599,0,45.6,300
2025-05-21 05:10:00,AGV-05,59.28,32.58,0.2274,24.08,10.3,1.534,0,46.8,310
2025-05-21 05:20:00,AGV-05,60.5,33.31,0.2617,24.28,9.86,1.325,0,44.6,320
2025-05-21 05:30:00,AGV-05,56.71,32.5,0.2299,23.99,9.3,1.722,0,49.5,330
2025-05-21 05:40:00,AGV-05,57.31,33.54,0.2501,24.25,10.29,1.19,0,56.0,340
2025-05-21 05:50:00,AGV-05,59.8,31.74,0.2657,24.2,9.18,1.473,0,42.7,350
2025-05-21 06:00:00,AGV-05,59.18,33.97,0.2565,23.72,9.34,1.559,1,43.4,360
2025-05-21 06:10:00,AGV-05,56.46,32.88,0.2562,23.87,9.31,1.259,0,50.6,370
2025-05-21 06:20:00,AGV-05,56.91,30.17,0.2389,24.26,7.84,1.257,0,51.9,380
2025-05-21 06:30:00,AGV-05,58.17,33.39,0.2056,23.76,10.21,1.443,0,44.3,390
2025-05-21 06:40:00,AGV-05,60.79,33.97,0.2517,23.93,11.91,1.494,0,44.4,400
2025-05-21 06:50:00,AGV-05,58.85,32.34,0.249,24.14,11.99,1.521,0,40.8,410
2025-05-21 07:00:00,AGV-05,57.74,31.64,0.2304,23.83,10.58,1.594,0,41.3,420
2025-05-21 07:10:00,AGV-05,57.79,34.6,0.2647,24.0,9.31,1.411,0,42.4,430
2025-05-21 07:20:00,AGV-05,58.06,33.49,0.2633,23.99,9.12,1.428,0,44.1,440
2025-05-21 07:30:00,AGV-05,55.6,35.28,0.2253,23.79,9.15,1.593,0,45.1,450
2025-05-21 07:40:00,AGV-05,58.76,32.81,0.2546,24.18,9.12,1.404,0,55.9,460
2025-05-21 07:50:00,AGV-05,56.97,34.62,0.2577,24.1,8.15,1.374,0,40.9,470
2025-05-21 08:00:00,AGV-05,57.98,31.2,0.2367,23.62,9.84,1.525,0,46.7,480
2025-05-21 08:10:00,AGV-05,57.59,31.78,0.2276,24.14,9.52,1.379,0,42.9,490
2025-05-21 08:20:00,AGV-05,56.09,32.56,0.212,23.75,9.61,1.434,0,44.9,500
2025-05-21 08:30:00,AGV-05,58.43,31.82,0.2456,24.12,8.26,1.43,0,45.5,510
2025-05-21 08:40:00,AGV-05,60.32,33.09,0.2848,24.41,8.11,1.433,0,49.8,520
2025-05-21 08:50:00,AGV-05,61.49,32.98,0.2601,24.02,8.93,1.127,0,41.5,530
2025-05-21 09:00:00,AGV-05,58.68,31.79,0.24,23.98,8.48,1.275,0,41.2,540
2025-05-21 09:10:00,AGV-05,58.1,34.03,0.26,24.05,9.56,1.46,0,46.0,550
2025-05-21 09:20:00,AGV-05,58.11,31.98,0.2549,23.8,11.37,1.35,0,44.8,560
2025-05-21 09:30:00,AGV-05,55.89,32.87,0.2604,24.33,9.03,1.163,0,49.1,570
2025-05-21 09:40:00,AGV-05,57.51,32.06,0.237,24.12,9.46,1.276,0,45.7,580
2025-05-21 09:50:00,AGV-05,58.15,33.44,0.2669,24.08,9.86,1.163,0,45.3,590
2025-05-21 10:00:00,AGV-05,57.33,32.44,0.2626,23.88,9.16,1.559,0,49.5,600
2025-05-21 10:10:00,AGV-05,58.19,32.88,0.2458,24.15,9.76,1.741,0,40.7,610
2025-05-21 10:20:00,AGV-05,57.94,31.25,0.2524,23.83,8.57,1.401,0,46.4,620
2025-05-21 10:30:00,AGV-05,54.89,32.91,0.2503,24.16,10.28,1.324,0,44.2,630
2025-05-21 10:40:00,AGV-05,56.51,32.45,0.227,24.05,10.59,1.25,0,38.5,640
2025-05-21 10:50:00,AGV-05,55.22,32.88,0.2503,24.04,9.14,1.37,0,46.8,650
2025-05-21 11:00:00,AGV-05,59.49,33.18,0.2551,23.88,8.86,1.032,0,47.8,660
2025-05-21 11:10:00,AGV-05,57.11,31.15,0.2414,24.21,9.23,1.273,0,49.6,670
2025-05-21 11:20:00,AGV-05,58.4,32.84,0.27,24.49,8.13,1.584,0,39.9,680
2025-05-21 11:30:00,AGV-05,58.09,33.11,0.2284,23.96,9.82,1.454,0,47.5,690
2025-05-21 11:40:00,AGV-05,56.73,33.64,0.2506,23.53,9.04,1.45,0,59.7,700
2025-05-21 11:50:00,AGV-05,56.39,32.57,0.2583,24.12,10.27,1.671,0,47.5,710
2025-05-21 12:00:00,AGV-05,58.6,32.13,0.2942,24.08,10.04,1.36,0,44.5,720
2025-05-21 12:10:00,AGV-05,56.74,33.75,0.2631,24.19,9.49,1.31,0,37.2,730
2025-05-21 12:20:00,AGV-05,58.46,33.66,0.242,24.16,9.06,1.299,0,40.9,740
2025-05-21 12:30:00,AGV-05,56.3,32.59,0.2352,23.67,11.12,1.588,0,41.1,750
2025-05-21 12:40:00,AGV-05,56.85,34.17,0.2368,24.09,9.21,1.27,0,38.3,760
2025-05-21 12:50:00,AGV-05,59.09,34.29,0.3018,23.76,10.06,1.339,0,48.9,770
2025-05-21 13:00:00,AGV-05,58.91,30.92,0.2635,23.78,9.72,1.604,0,38.9,780
2025-05-21 13:10:00,AGV-05,60.05,32.39,0.2682,24.31,9.87,1.176,0,40.4,790
2025-05-21 13:20:00,AGV-05,61.02,33.56,0.2653,23.8,9.73,1.439,0,44.4,800
2025-05-21 13:30:00,AGV-05,56.72,32.24,0.2304,23.95,10.49,1.279,0,45.9,810
2025-05-21 13:40:00,AGV-05,57.73,34.37,0.2303,23.91,10.02,1.414,0,50.4,820
2025-05-21 13:50:00,AGV-05,58.32,33.2,0.2498,23.9,9.67,1.471,0,36.3,830
2025-05-21 14:00:00,AGV-05,59.84,32.82,0.2299,23.8,9.26,1.355,0,43.3,840
2025-05-21 14:10:00,AGV-05,59.16,31.95,0.2586,23.66,9.05,1.351,1,53.4,850
2025-05-21 14:20:00,AGV-05,57.59,30.8,0.21,24.01,9.99,1.456,0,47.0,860
2025-05-21 14:30:00,AGV-05,58.53,34.27,0.254,23.83,8.22,1.348,0,35.2,870
2025-05-21 14:40:00,AGV-05,57.93,33.11,0.2512,23.81,9.35,1.175,0,48.2,880
2025-05-21 14:50:00,AGV-05,59.21,31.16,0.2337,24.21,8.93,1.383,0,52.2,890
2025-05-21 15:00:00,AGV-05,58.65,33.74,0.3014,23.55,9.99,1.316,0,48.3,900
2025-05-21 15:10:00,AGV-05,56.39,33.69,0.247,24.0,8.79,1.34,0,39.8,910
2025-05-21 15:20:00,AGV-05,56.0,30.82,0.236,24.03,9.58,1.422,0,50.5,920
2025-05-21 15:30:00,AGV-05,55.79,33.46,0.245,23.87,9.66,1.409,0,40.9,930
2025-05-21 15:40:00,AGV-05,56.22,32.6,0.2607,24.02,8.82,1.401,0,49.5,940
2025-05-21 15:50:00,AGV-05,57.39,31.67,0.2443,24.12,8.96,1.532,0,41.1,950
2025-05-21 16:00:00,AGV-05,57.43,31.02,0.2386,23.76,9.53,1.221,0,44.1,960
2025-05-21 16:10:00,AGV-05,54.39,31.54,0.2416,23.74,10.13,1.463,0,46.8,970
2025-05-21 16:20:00,AGV-05,58.51,32.94,0.238,23.87,8.82,1.319,0,46.1,980
2025-05-21 16:30:00,AGV-05,59.15,33.68,0.2472,24.4,10.41,1.385,0,42.6,990
2025-05-21 16:40:00,AGV-05,59.46,34.4,0.2374,23.94,8.67,1.369,0,35.1,1000
2025-05-21 16:50:00,AGV-05,57.6,32.99,0.2817,24.19,9.03,1.458,0,49.1,1010
2025-05-21 17:00:00,AGV-05,60.27,33.38,0.2425,23.9,9.36,1.646,0,48.1,1020
2025-05-21 17:10:00,AGV-05,54.8,34.18,0.2707,24.01,9.98,1.479,0,44.4,1030
2025-05-21 17:20:00,AGV-05,56.93,32.62,0.2418,24.2,9.2,1.712,0,41.9,1040
2025-05-21 17:30:00,AGV-05,58.22,34.21,0.2051,24.32,9.17,1.477,0,48.1,1050
2025-05-21 17:40:00,AGV-05,58.25,31.62,0.2403,24.17,8.66,1.02,0,41.1,1060
2025-05-21 17:50:00,AGV-05,56.82,34.8,0.2672,23.95,10.04,1.337,0,45.6,1070
2025-05-21 18:00:00,AGV-05,58.76,33.63,0.2252,23.7,8.9,1.301,0,41.9,1080
2025-05-21 18:10:00,AGV-05,59.29,33.02,0.2222,23.92,9.93,1.367,0,41.8,1090
2025-05-21 18:20:00,AGV-05,59.97,33.21,0.2468,24.5,8.66,1.347,0,48.2,1100
2025-05-21 18:30:00,AGV-05,55.56,31.66,0.2927,23.9,10.08,1.655,0,33.4,1110
2025-05-21 18:40:00,AGV-05,57.26,34.33,0.2305,24.08,9.36,1.496,0,50.3,1120
2025-05-21 18:50:00,AGV-05,57.95,33.77,0.251,23.63,7.0,1.431,0,43.7,1130
2025-05-21 19:00:00,AGV-05,58.05,33.69,0.2718,24.14,9.72,1.25,0,38.9,1140
2025-05-21 19:10:00,AGV-05,57.99,32.52,0.2275,24.4,8.63,1.401,0,41.0,1150
2025-05-21 19:20:00,AGV-05,60.85,34.02,0.2829,24.08,10.43,1.291,0,55.9,1160
2025-05-21 19:30:00,AGV-05,57.65,31.48,0.269,24.04,9.9,1.349,0,40.6,1170
2025-05-21 19:40:00,AGV-05,58.61,32.72,0.2523,24.09,9.35,1.384,0,47.4,1180
2025-05-21 19:50:00,AGV-05,57.51,34.62,0.2376,23.97,10.11,1.412,0,38.1,1190
2025-05-21 20:00:00,AGV-05,58.99,34.77,0.2708,24.02,9.09,1.017,0,40.3,1200
2025-05-21 20:10:00,AGV-05,56.22,32.92,0.2535,24.4,9.14,1.392,0,38.7,1210
2025-05-21 20:20:00,AGV-05,58.49,33.95,0.2338,24.07,8.91,1.53,0,49.8,1220
2025-05-21 20:30:00,AGV-05,59.24,32.7,0.2208,24.27,9.97,1.352,0,47.7,1230
2025-05-21 20:40:00,AGV-05,53.75,34.36,0.2652,23.65,9.01,1.635,0,50.4,1240
2025-05-21 20:50:00,AGV-05,59.52,31.32,0.2441,23.98,8.2,1.359,0,49.4,1250
2025-05-21 21:00:00,AGV-05,57.92,32.08,0.2501,23.7,9.11,1.185,0,41.4,1260
2025-05-21 21:10:00,AGV-05,59.09,33.16,0.2649,24.01,7.59,1.577,0,55.4,1270
2025-05-21 21:20:00,AGV-05,56.02,33.02,0.2536,24.27,9.79,1.325,0,44.3,1280
2025-05-21 21:30:00,AGV-05,58.76,33.06,0.2276,23.88,8.91,1.143,0,38.1,1290
2025-05-21 21:40:00,AGV-05,56.1,32.83,0.2514,23.65,9.77,1.243,0,46.4,1300
2025-05-21 21:50:00,AGV-05,58.21,32.46,0.2425,24.13,9.25,1.376,0,44.9,1310
2025-05-21 22:00:00,AGV-05,58.09,32.4,0.2431,23.58,10.28,1.445,0,51.4,1320
2025-05-21 22:10:00,AGV-05,57.6,31.2,0.2553,24.03,9.22,1.38,0,45.7,1330
2025-05-21 22:20:00,AGV-05,58.68,32.74,0.2611,23.62,9.15,1.658,0,47.8,1340
2025-05-21 22:30:00,AGV-05,56.45,32.68,0.2019,23.73,8.61,1.415,0,46.7,1350
2025-05-21 22:40:00,AGV-05,59.53,32.81,0.2385,23.94,9.96,1.612,0,38.8,1360
2025-05-21 22:50:00,AGV-05,58.78,36.09,0.2556,24.02,9.46,1.474,0,48.8,1370
2025-05-21 23:00:00,AGV-05,57.97,32.02,0.2491,23.75,10.61,1.197,0,36.7,1380
2025-05-21 23:10:00,AGV-05,57.23,33.97,0.2365,23.62,9.71,1.312,1,44.1,1390
2025-05-21 23:20:00,AGV-05,56.91,34.97,0.2188,24.57,9.19,1.428,0,48.5,1400
2025-05-21 23:30:00,AGV-05,56.75,33.31,0.2239,24.09,9.22,1.404,0,48.5,1410
2025-05-21 23:40:00,AGV-05,59.27,31.73,0.2636,24.01,10.78,1.272,0,36.3,1420
2025-05-21 23:50:00,AGV-05,58.14,31.37,0.1999,24.06,9.61,1.357,0,44.5,1430
2025-05-21 00:00:00,AGV-06,56.12,33.17,0.2576,24.14,11.03,1.074,0,33.5,0
2025-05-21 00:10:00,AGV-06,57.46,35.7,0.2454,24.22,10.65,1.433,0,40.8,10
2025-05-21 00:20:00,AGV-06,58.08,32.18,0.2813,23.66,9.39,1.274,0,45.2,20
2025-05-21 00:30:00,AGV-06,58.41,31.89,0.2742,23.88,8.16,1.384,0,45.2,30
2025-05-21 00:40:00,AGV-06,55.37,33.3,0.2566,24.13,10.04,1.666,0,38.9,40
2025-05-21 00:50:00,AGV-06,57.13,33.36,0.2266,23.7,7.8,1.508,0,42.3,50
2025-05-21 01:00:00,AGV-06,55.22,33.42,0.2329,24.12,8.77,1.636,0,33.9,60
2025-05-21 01:10:00,AGV-06,57.26,32.71,0.2382,24.24,10.48,1.35,0,36.0,70
2025-05-21 01:20:00,AGV-06,57.8,33.23,0.2361,23.8,9.77,1.266,0,46.8,80
2025-05-21 01:30:00,AGV-06,56.68,34.29,0.2316,23.66,9.8,1.277,0,46.6,90
2025-05-21 01:40:00,AGV-06,55.58,32.57,0.2711,24.04,8.39,1.328,0,33.7,100
2025-05-21 01:50:00,AGV-06,57.54,32.79,0.266,23.7,8.28,1.468,0,50.0,110
2025-05-21 02:00:00,AGV-06,59.61,32.49,0.202,24.04,11.17,1.395,0,44.2,120
2025-05-21 02:10:00,AGV-06,59.67,32.13,0.2444,23.94,7.18,1.651,0,40.5,130
2025-05-21 02:20:00,AGV-06,58.24,33.5,0.25,23.99,8.18,1.244,0,48.2,140
2025-05-21 02:30:00,AGV-06,56.45,34.29,0.2559,24.1,9.57,1.137,0,40.7,150
2025-05-21 02:40:00,AGV-06,58.49,32.14,0.2416,24.14,10.1,1.298,0,45.5,160
2025-05-21 02:50:00,AGV-06,54.65,34.71,0.2621,24.21,8.24,1.587,0,56.2,170
2025-05-21 03:00:00,AGV-06,57.61,32.84,0.2477,23.88,10.49,1.4,0,42.0,180
2025-05-21 03:10:00,AGV-06,59.89,31.38,0.2239,23.99,9.52,1.293,0,49.0,190
2025-05-21 03:20:00,AGV-06,58.54,33.17,0.2888,23.76,11.27,1.311,0,45.2,200
2025-05-21 03:30:00,AGV-06,56.1,34.42,0.257,24.13,10.48,1.451,0,42.0,210
2025-05-21 03:40:00,AGV-06,58.02,32.68,0.2315,23.98,9.73,1.22,0,46.2,220
2025-05-21 03:50:00,AGV-06,58.92,32.07,0.2876,24.35,9.81,1.639,0,42.2,230
2025-05-21 04:00:00,AGV-06,58.95,33.82,0.2742,23.7,9.75,1.214,0,50.8,240
2025-05-21 04:10:00,AGV-06,56.39,33.54,0.2324,23.72,9.0,1.259,0,42.3,250
2025-05-21 04:20:00,AGV-06,56.08,32.5,0.218,23.83,10.38,1.372,0,47.4,260
2025-05-21 04:30:00,AGV-06,56.95,35.26,0.2604,23.91,10.27,1.437,0,47.0,270
2025-05-21 04:40:00,AGV-06,55.8,34.05,0.2546,23.87,9.06,1.423,0,35.2,280
2025-05-21 04:50:00,AGV-06,57.39,31.46,0.2487,24.03,8.79,1.186,0,45.3,290
2025-05-21 05:00:00,AGV-06,57.21,33.25,0.2694,24.07,10.16,1.545,0,56.0,300
2025-05-21 05:10:00,AGV-06,57.77,33.21,0.2497,23.92,10.73,1.198,0,40.7,310
2025-05-21 05:20:00,AGV-06,59.44,33.49,0.2821,23.78,10.3,1.424,0,58.2,320
2025-05-21 05:30:00,AGV-06,59.23,33.16,0.2732,23.84,11.41,1.427,0,43.6,330
2025-05-21 05:40:00,AGV-06,56.66,32.02,0.2524,24.02,10.03,1.421,0,53.5,340
2025-05-21 05:50:00,AGV-06,57.2,31.84,0.2417,23.64,10.57,1.632,0,46.6,350
2025-05-21 06:00:00,AGV-06,56.43,32.47,0.2447,23.88,9.39,1.516,1,47.0,360
2025-05-21 06:10:00,AGV-06,58.76,33.83,0.258,24.23,11.53,1.506,0,46.1,370
2025-05-21 06:20:00,AGV-06,57.52,33.37,0.2382,23.96,8.78,1.559,0,39.1,380
2025-05-21 06:30:00,AGV-06,58.96,32.27,0.2826,23.7,9.86,1.286,0,46.9,390
2025-05-21 06:40:00,AGV-06,59.67,32.31,0.2728,23.81,9.41,1.422,0,44.0,400
2025-05-21 06:50:00,AGV-06,57.3,34.1,0.2876,23.59,10.16,1.277,0,43.7,410
2025-05-21 07:00:00,AGV-06,61.28,33.19,0.2466,23.64,10.37,1.314,0,30.8,420
2025-05-21 07:10:00,AGV-06,60.23,31.02,0.2601,24.13,11.27,1.346,0,37.8,430
2025-05-21 07:20:00,AGV-06,57.35,32.3,0.278,23.95,9.37,1.262,0,36.6,440
2025-05-21 07:30:00,AGV-06,58.69,31.24,0.2818,23.6,8.08,1.345,0,53.6,450
2025-05-21 07:40:00,AGV-06,58.3,33.62,0.2468,23.88,9.19,1.202,0,56.2,460
2025-05-21 07:50:00,AGV-06,57.15,32.26,0.2955,23.89,10.34,1.291,0,44.5,470
2025-05-21 08:00:00,AGV-06,59.2,34.36,0.2649,24.1,10.37,1.239,0,44.8,480
2025-05-21 08:10:00,AGV-06,55.76,31.4,0.2342,23.74,9.2,1.179,1,50.1,490
2025-05-21 08:20:00,AGV-06,56.72,31.83,0.2681,24.03,11.14,1.487,0,43.0,500
2025-05-21 08:30:00,AGV-06,58.83,33.15,0.2537,24.03,9.6,1.329,0,38.5,510
2025-05-21 08:40:00,AGV-06,57.02,32.91,0.2958,23.83,9.13,0.967,0,44.6,520
2025-05-21 08:50:00,AGV-06,61.49,33.74,0.2613,23.54,9.82,1.524,0,41.8,530
2025-05-21 09:00:00,AGV-06,58.0,34.51,0.2892,23.81,10.32,1.045,0,41.2,540
2025-05-21 09:10:00,AGV-06,59.25,33.02,0.2501,24.08,10.24,1.309,0,47.5,550
2025-05-21 09:20:00,AGV-06,59.49,34.65,0.2449,23.64,9.52,1.242,0,43.1,560
2025-05-21 09:30:00,AGV-06,55.44,34.64,0.243,23.6,9.23,1.612,0,48.9,570
2025-05-21 09:40:00,AGV-06,58.99,32.62,0.3111,23.87,9.28,1.44,0,43.2,580
2025-05-21 09:50:00,AGV-06,59.9,33.17,0.2493,23.71,9.57,1.537,1,44.1,590
2025-05-21 10:00:00,AGV-06,56.99,33.33,0.2738,23.82,10.24,1.553,0,48.3,600
2025-05-21 10:10:00,AGV-06,57.3,32.96,0.2429,23.91,10.03,1.615,0,43.9,610
2025-05-21 10:20:00,AGV-06,57.06,33.96,0.254,23.55,9.22,1.312,0,49.4,620
2025-05-21 10:30:00,AGV-06,58.72,33.6,0.2621,23.65,9.73,1.419,0,48.9,630
2025-05-21 10:40:00,AGV-06,57.67,34.15,0.2723,23.77,9.35,1.582,0,48.5,640
2025-05-21 10:50:00,AGV-06,57.28,33.15,0.3052,23.59,11.26,1.399,0,49.9,650
2025-05-21 11:00:00,AGV-06,58.35,34.62,0.265,23.47,9.09,1.493,0,42.3,660
2025-05-21 11:10:00,AGV-06,60.64,32.03,0.2897,23.78,9.31,1.358,0,42.5,670
2025-05-21 11:20:00,AGV-06,59.18,33.28,0.2574,23.72,9.39,1.375,1,42.8,680
2025-05-21 11:30:00,AGV-06,60.9,32.16,0.2621,24.29,8.67,1.197,0,48.7,690
2025-05-21 11:40:00,AGV-06,59.0,33.0,0.2651,23.34,8.11,1.685,0,49.5,700
2025-05-21 11:50:00,AGV-06,60.73,32.83,0.2914,24.0,10.93,1.363,0,33.5,710
2025-05-21 12:00:00,AGV-06,58.51,32.89,0.2846,23.58,9.82,1.421,0,44.1,720
2025-05-21 12:10:00,AGV-06,60.73,33.72,0.2802,23.89,9.56,1.709,0,37.8,730
2025-05-21 12:20:00,AGV-06,57.2,33.81,0.3135,23.7,9.5,1.635,0,37.0,740
2025-05-21 12:30:00,AGV-06,58.13,32.47,0.2963,23.72,8.47,1.532,0,37.8,750
2025-05-21 12:40:00,AGV-06,57.21,34.31,0.2954,23.55,9.79,1.412,0,42.8,760
2025-05-21 12:50:00,AGV-06,59.45,33.83,0.2793,23.33,9.77,1.455,0,41.6,770
2025-05-21 13:00:00,AGV-06,59.94,33.26,0.2772,23.79,9.68,1.153,0,42.2,780
2025-05-21 13:10:00,AGV-06,59.98,32.59,0.3125,23.95,9.13,1.306,0,31.9,790
2025-05-21 13:20:00,AGV-06,58.51,33.26,0.2705,24.03,9.91,1.325,0,35.5,800
2025-05-21 13:30:00,AGV-06,59.07,32.04,0.3018,23.82,8.78,1.285,0,42.7,810
2025-05-21 13:40:00,AGV-06,59.34,34.17,0.3024,23.59,8.19,1.244,0,37.5,820
2025-05-21 13:50:00,AGV-06,57.81,32.26,0.3049,23.51,9.6,1.343,0,38.7,830
2025-05-21 14:00:00,AGV-06,61.61,32.31,0.2744,23.57,9.38,1.348,0,47.7,840
2025-05-21 14:10:00,AGV-06,58.37,33.49,0.28,23.66,7.6,1.126,0,48.1,850
2025-05-21 14:20:00,AGV-06,60.3,33.85,0.2812,23.78,7.85,1.513,0,48.5,860
2025-05-21 14:30:00,AGV-06,63.16,33.24,0.2594,23.7,10.56,1.416,0,40.5,870
2025-05-21 14:40:00,AGV-06,60.24,34.7,0.2977,23.46,8.1,1.262,0,47.2,880
2025-05-21 14:50:00,AGV-06,57.4,34.55,0.2837,23.87,9.89,1.217,0,52.1,890
2025-05-21 15:00:00,AGV-06,57.92,34.79,0.3013,24.11,9.55,1.655,0,43.3,900
2025-05-21 15:10:00,AGV-06,59.39,33.13,0.3063,23.82,9.73,1.349,0,44.8,910
2025-05-21 15:20:00,AGV-06,60.28,33.52,0.2819,23.63,9.96,1.301,0,52.7,920
2025-05-21 15:30:00,AGV-06,61.44,32.83,0.3079,23.39,10.06,1.323,0,39.9,930
2025-05-21 15:40:00,AGV-06,54.7,34.72,0.2611,23.89,10.09,1.339,0,44.9,940
2025-05-21 15:50:00,AGV-06,61.34,33.93,0.2779,23.52,8.38,1.384,0,50.6,950
2025-05-21 16:00:00,AGV-06,61.46,34.02,0.3219,23.5,10.06,1.391,0,52.4,960
2025-05-21 16:10:00,AGV-06,59.37,33.77,0.32,23.53,8.44,1.721,0,42.7,970
2025-05-21 16:20:00,AGV-06,57.61,33.78,0.2719,23.36,8.98,1.407,0,43.6,980
2025-05-21 16:30:00,AGV-06,60.08,33.3,0.2647,23.86,9.58,1.615,0,43.7,990
2025-05-21 16:40:00,AGV-06,56.68,32.34,0.3066,23.85,8.59,1.342,0,36.2,1000
2025-05-21 16:50:00,AGV-06,62.37,32.3,0.2982,23.71,9.84,1.391,1,36.5,1010
2025-05-21 17:00:00,AGV-06,58.57,33.78,0.2819,23.56,10.05,1.544,0,50.6,1020
2025-05-21 17:10:00,AGV-06,59.58,33.6,0.3104,23.54,10.06,1.065,0,54.4,1030
2025-05-21 17:20:00,AGV-06,56.27,33.81,0.3064,23.5,8.98,1.093,0,52.6,1040
2025-05-21 17:30:00,AGV-06,60.48,33.86,0.2771,23.34,8.9,1.294,1,43.2,1050
2025-05-21 17:40:00,AGV-06,59.48,33.29,0.2871,23.52,9.25,1.161,0,39.5,1060
2025-05-21 17:50:00,AGV-06,62.62,32.79,0.2879,23.29,10.94,1.483,0,40.3,1070
2025-05-21 18:00:00,AGV-06,60.94,34.73,0.3089,23.34,10.02,1.387,0,38.7,1080
2025-05-21 18:10:00,AGV-06,62.28,33.55,0.3087,23.64,9.0,1.53,0,31.5,1090
2025-05-21 18:20:00,AGV-06,59.33,31.94,0.3055,23.45,9.1,1.437,0,46.8,1100
2025-05-21 18:30:00,AGV-06,60.22,34.61,0.3197,23.46,8.78,1.302,0,42.3,1110
2025-05-21 18:40:00,AGV-06,59.91,32.57,0.2799,23.49,8.92,1.133,0,47.4,1120
2025-05-21 18:50:00,AGV-06,59.03,33.46,0.3149,23.55,8.64,1.55,0,50.6,1130
2025-05-21 19:00:00,AGV-06,59.99,34.5,0.3031,23.67,8.57,1.362,0,42.9,1140
2025-05-21 19:10:00,AGV-06,60.19,35.18,0.3013,23.64,10.64,1.615,0,46.4,1150
2025-05-21 19:20:00,AGV-06,58.92,33.32,0.3063,23.62,9.68,1.548,0,47.8,1160
2025-05-21 19:30:00,AGV-06,61.83,34.07,0.2587,23.31,10.46,1.279,0,43.9,1170
2025-05-21 19:40:00,AGV-06,60.61,33.04,0.275,23.09,9.12,1.429,0,48.1,1180
2025-05-21 19:50:00,AGV-06,61.02,34.56,0.3167,23.99,8.68,1.143,0,43.0,1190
2025-05-21 20:00:00,AGV-06,58.01,32.96,0.3241,23.31,9.66,1.326,0,42.5,1200
2025-05-21 20:10:00,AGV-06,60.04,34.66,0.2963,23.33,9.79,1.109,0,33.1,1210
2025-05-21 20:20:00,AGV-06,60.46,35.38,0.3306,23.47,9.5,1.398,0,46.5,1220
2025-05-21 20:30:00,AGV-06,62.87,31.67,0.3214,23.8,9.73,1.648,0,41.9,1230
2025-05-21 20:40:00,AGV-06,60.15,32.61,0.3475,23.2,10.08,1.205,0,49.1,1240
2025-05-21 20:50:00,AGV-06,60.18,35.01,0.3149,23.36,9.29,1.503,0,42.9,1250
2025-05-21 21:00:00,AGV-06,62.13,35.02,0.2831,23.21,9.93,1.483,0,52.7,1260
2025-05-21 21:10:00,AGV-06,62.84,33.55,0.3409,23.15,8.77,1.047,0,53.4,1270
2025-05-21 21:20:00,AGV-06,60.9,33.35,0.3046,23.21,8.36,1.332,0,40.8,1280
2025-05-21 21:30:00,AGV-06,57.38,32.42,0.3214,22.93,8.32,1.4,0,42.3,1290
2025-05-21 21:40:00,AGV-06,63.22,34.36,0.3075,23.17,9.49,1.231,0,44.1,1300
2025-05-21 21:50:00,AGV-06,59.95,34.31,0.3044,23.08,9.59,1.458,0,39.1,1310
2025-05-21 22:00:00,AGV-06,58.05,34.68,0.3186,23.27,9.26,1.205,0,57.2,1320
2025-05-21 22:10:00,AGV-06,61.32,33.98,0.3305,23.8,8.71,1.232,0,41.2,1330
2025-05-21 22:20:00,AGV-06,63.23,33.93,0.3065,23.28,10.18,1.493,0,40.9,1340
2025-05-21 22:30:00,AGV-06,63.49,35.84,0.3278,23.27,10.32,1.564,0,41.0,1350
2025-05-21 22:40:00,AGV-06,62.24,33.62,0.3101,23.58,9.02,1.221,0,47.8,1360
2025-05-21 22:50:00,AGV-06,59.68,33.63,0.2917,23.3,9.46,1.291,0,44.1,1370
2025-05-21 23:00:00,AGV-06,63.35,35.48,0.293,22.87,9.52,1.299,0,38.8,1380
2025-05-21 23:10:00,AGV-06,61.52,33.24,0.3151,23.1,8.6,1.394,0,37.6,1390
2025-05-21 23:20:00,AGV-06,61.29,36.0,0.3381,23.35,9.29,1.253,0,40.7,1400
2025-05-21 23:30:00,AGV-06,59.57,31.86,0.3543,23.09,10.43,1.56,0,38.6,1410
2025-05-21 23:40:00,AGV-06,60.19,30.63,0.3202,23.26,10.07,1.446,0,47.2,1420
2025-05-21 23:50:00,AGV-06,59.89,31.96,0.3027,23.21,8.6,1.39,0,39.6,1430
2025-05-21 00:00:00,AGV-07,57.8,31.3,0.2443,24.23,9.3,1.352,0,42.9,0
2025-05-21 00:10:00,AGV-07,59.45,34.3,0.2693,23.64,10.37,1.124,0,49.5,10
2025-05-21 00:20:00,AGV-07,59.53,31.68,0.2299,23.68,8.84,1.212,0,45.5,20
2025-05-21 00:30:00,AGV-07,60.74,35.69,0.2525,24.22,9.69,1.475,0,43.3,30
2025-05-21 00:40:00,AGV-07,58.4,33.16,0.2358,24.39,9.12,1.395,0,39.7,40
2025-05-21 00:50:00,AGV-07,57.99,34.96,0.2746,24.27,9.53,1.448,0,50.0,50
2025-05-21 01:00:00,AGV-07,57.02,34.77,0.2905,24.17,10.04,1.365,0,43.6,60
2025-05-21 01:10:00,AGV-07,57.11,31.82,0.241,23.72,11.19,1.397,0,44.7,70
2025-05-21 01:20:00,AGV-07,59.81,34.03,0.2312,24.22,9.29,1.325,0,45.0,80
2025-05-21 01:30:00,AGV-07,58.77,33.89,0.2176,24.14,9.34,1.506,0,48.9,90
2025-05-21 01:40:00,AGV-07,60.39,34.47,0.2711,24.42,9.88,1.449,0,44.8,100
2025-05-21 01:50:00,AGV-07,56.95,34.44,0.2553,24.41,8.23,1.316,0,45.2,110
2025-05-21 02:00:00,AGV-07,57.77,33.49,0.2872,24.33,9.49,1.438,0,47.5,120
2025-05-21 02:10:00,AGV-07,56.82,34.8,0.2799,23.69,8.79,1.057,0,41.1,130
2025-05-21 02:20:00,AGV-07,58.03,33.65,0.2631,24.09,8.24,1.483,0,45.1,140
2025-05-21 02:30:00,AGV-07,58.23,31.96,0.2337,24.19,9.87,1.558,0,46.6,150
2025-05-21 02:40:00,AGV-07,54.23,34.36,0.258,23.95,10.34,1.659,0,41.4,160
2025-05-21 02:50:00,AGV-07,58.62,33.52,0.2393,23.92,9.4,1.641,0,34.6,170
2025-05-21 03:00:00,AGV-07,59.8,34.65,0.2824,23.85,10.6,1.609,0,47.8,180
2025-05-21 03:10:00,AGV-07,58.29,33.68,0.2845,23.84,9.05,1.354,0,34.5,190
2025-05-21 03:20:00,AGV-07,56.67,33.42,0.2957,24.04,11.18,1.253,0,48.4,200
2025-05-21 03:30:00,AGV-07,56.04,36.1,0.2599,23.82,8.46,1.367,0,44.4,210
2025-05-21 03:40:00,AGV-07,56.77,34.3,0.2611,24.22,9.73,1.11,0,40.1,220
2025-05-21 03:50:00,AGV-07,58.95,34.76,0.2438,24.21,9.25,1.663,0,43.2,230
2025-05-21 04:00:00,AGV-07,59.46,34.17,0.2543,23.92,9.36,1.152,0,51.7,240
2025-05-21 04:10:00,AGV-07,55.89,33.53,0.277,24.04,10.66,1.389,0,44.1,250
2025-05-21 04:20:00,AGV-07,57.77,32.84,0.2736,24.11,9.7,1.028,0,45.2,260
2025-05-21 04:30:00,AGV-07,56.37,33.88,0.2758,24.12,7.5,1.605,0,41.3,270
2025-05-21 04:40:00,AGV-07,60.12,34.53,0.2551,23.78,8.0,1.346,0,40.7,280
2025-05-21 04:50:00,AGV-07,58.39,33.9,0.2669,24.11,8.56,1.289,0,44.4,290
2025-05-21 05:00:00,AGV-07,59.23,35.56,0.2612,24.14,10.59,1.116,1,41.5,300
2025-05-21 05:10:00,AGV-07,59.72,32.94,0.2611,23.89,10.16,1.43,0,45.5,310
2025-05-21 05:20:00,AGV-07,56.05,35.85,0.2653,23.59,9.78,1.405,2,55.4,320
2025-05-21 05:30:00,AGV-07,58.57,33.53,0.2892,23.98,10.06,1.636,1,48.8,330
2025-05-21 05:40:00,AGV-07,59.47,35.48,0.2905,23.85,11.26,1.496,0,56.8,340
2025-05-21 05:50:00,AGV-07,58.75,32.55,0.2658,24.0,10.13,1.311,0,52.8,350
2025-05-21 06:00:00,AGV-07,56.94,32.21,0.3155,24.41,8.79,1.399,0,44.7,360
2025-05-21 06:10:00,AGV-07,59.36,34.07,0.2893,23.79,11.05,1.437,1,48.6,370
2025-05-21 06:20:00,AGV-07,59.11,34.23,0.2584,23.8,10.25,1.333,0,44.1,380
2025-05-21 06:30:00,AGV-07,59.02,33.37,0.2643,24.06,10.81,1.398,0,44.6,390
2025-05-21 06:40:00,AGV-07,60.11,33.29,0.3004,24.19,10.29,1.673,1,42.1,400
2025-05-21 06:50:00,AGV-07,63.35,36.05,0.2806,24.08,10.82,1.378,0,41.7,410
2025-05-21 07:00:00,AGV-07,60.38,32.1,0.299,24.49,10.12,1.358,1,43.7,420
2025-05-21 07:10:00,AGV-07,61.1,33.97,0.3169,24.34,9.48,1.388,0,44.9,430
2025-05-21 07:20:00,AGV-07,62.81,34.14,0.3088,23.79,10.61,1.557,0,44.9,440
2025-05-21 07:30:00,AGV-07,61.22,32.83,0.2803,23.97,9.71,1.201,0,48.5,450
2025-05-21 07:40:00,AGV-07,58.91,35.39,0.2729,23.9,9.41,1.451,0,54.9,460
2025-05-21 07:50:00,AGV-07,60.16,35.45,0.2972,23.99,9.7,1.291,0,42.7,470
2025-05-21 08:00:00,AGV-07,60.45,32.4,0.2661,24.31,9.05,1.587,0,42.9,480
2025-05-21 08:10:00,AGV-07,60.24,34.24,0.2742,24.02,9.94,1.505,1,52.4,490
2025-05-21 08:20:00,AGV-07,60.35,32.9,0.3266,24.45,10.3,1.413,3,43.6,500
2025-05-21 08:30:00,AGV-07,59.62,35.69,0.2918,24.33,9.84,1.338,1,42.0,510
2025-05-21 08:40:00,AGV-07,58.45,33.7,0.3199,23.81,10.52,1.091,0,42.5,520
2025-05-21 08:50:00,AGV-07,62.22,35.87,0.3119,24.06,9.65,1.221,0,54.7,530
2025-05-21 09:00:00,AGV-07,59.6,33.5,0.3078,24.19,9.57,1.628,1,47.8,540
2025-05-21 09:10:00,AGV-07,58.76,36.63,0.2883,24.24,9.97,1.456,1,49.5,550
2025-05-21 09:20:00,AGV-07,61.94,34.36,0.3091,24.09,10.03,1.37,1,43.5,560
2025-05-21 09:30:00,AGV-07,62.55,34.12,0.2822,24.66,10.31,1.485,1,48.0,570
2025-05-21 09:40:00,AGV-07,62.04,33.73,0.3208,23.95,10.42,1.143,0,50.3,580
2025-05-21 09:50:00,AGV-07,61.03,34.61,0.3105,24.46,8.48,1.517,0,40.4,590
2025-05-21 10:00:00,AGV-07,59.61,31.85,0.3141,23.65,9.21,1.322,0,46.0,600
2025-05-21 10:10:00,AGV-07,58.7,34.97,0.2767,24.09,9.17,1.332,0,46.5,610
2025-05-21 10:20:00,AGV-07,61.35,34.28,0.3105,23.66,10.57,1.405,1,47.8,620
2025-05-21 10:30:00,AGV-07,61.0,34.3,0.3267,23.95,10.87,1.46,0,47.0,630
2025-05-21 10:40:00,AGV-07,59.66,36.1,0.2881,23.79,9.22,1.514,0,40.9,640
2025-05-21 10:50:00,AGV-07,62.14,34.87,0.3031,23.91,8.09,1.255,0,50.9,650
2025-05-21 11:00:00,AGV-07,64.58,34.31,0.3056,23.93,9.63,1.493,0,46.8,660
2025-05-21 11:10:00,AGV-07,62.75,36.51,0.2913,24.27,9.93,1.404,0,49.5,670
2025-05-21 11:20:00,AGV-07,64.45,34.92,0.3104,24.06,9.54,1.353,0,49.1,680
2025-05-21 11:30:00,AGV-07,59.38,35.34,0.2708,23.98,9.7,1.474,0,39.6,690
2025-05-21 11:40:00,AGV-07,57.57,35.19,0.3523,24.02,10.61,1.415,0,40.6,700
2025-05-21 11:50:00,AGV-07,61.69,33.89,0.335,24.03,9.04,1.28,1,45.3,710
2025-05-21 12:00:00,AGV-07,61.69,34.11,0.3255,24.36,8.73,1.257,2,44.6,720
2025-05-21 12:10:00,AGV-07,60.78,36.54,0.3141,23.7,8.4,1.589,0,48.1,730
2025-05-21 12:20:00,AGV-07,60.18,35.95,0.298,23.74,8.41,1.343,0,48.0,740
2025-05-21 12:30:00,AGV-07,62.07,36.43,0.3522,24.21,10.44,1.402,1,40.1,750
2025-05-21 12:40:00,AGV-07,62.73,37.6,0.2962,23.77,10.76,1.44,1,40.7,760
2025-05-21 12:50:00,AGV-07,61.98,34.2,0.3056,24.19,10.78,1.454,0,36.4,770
2025-05-21 13:00:00,AGV-07,61.62,36.28,0.295,23.78,10.14,1.62,0,41.8,780
2025-05-21 13:10:00,AGV-07,64.7,35.11,0.3033,23.57,10.08,1.316,0,37.9,790
2025-05-21 13:20:00,AGV-07,61.64,36.4,0.3353,23.93,10.64,1.484,1,49.5,800
2025-05-21 13:30:00,AGV-07,64.23,36.32,0.3297,24.08,10.78,1.417,0,46.1,810
2025-05-21 13:40:00,AGV-07,61.59,35.91,0.3649,23.87,8.89,1.242,2,39.6,820
2025-05-21 13:50:00,AGV-07,62.27,35.42,0.3439,23.75,10.92,1.393,0,43.3,830
2025-05-21 14:00:00,AGV-07,63.25,32.43,0.323,23.92,11.37,1.238,2,41.8,840
2025-05-21 14:10:00,AGV-07,61.63,35.68,0.3274,24.02,8.95,1.497,0,45.5,850
2025-05-21 14:20:00,AGV-07,64.73,36.72,0.3102,24.08,11.05,1.272,0,48.6,860
2025-05-21 14:30:00,AGV-07,61.71,36.05,0.3734,23.83,11.44,1.35,2,39.4,870
2025-05-21 14:40:00,AGV-07,60.15,36.43,0.3367,24.0,10.97,1.317,1,40.0,880
2025-05-21 14:50:00,AGV-07,61.76,37.5,0.3395,23.99,10.62,1.563,1,43.3,890
2025-05-21 15:00:00,AGV-07,64.57,35.62,0.3763,24.03,9.7,1.499,2,34.7,900
2025-05-21 15:10:00,AGV-07,62.5,35.19,0.3552,23.92,10.75,1.384,1,37.3,910
2025-05-21 15:20:00,AGV-07,62.46,36.04,0.3709,24.15,11.7,1.353,1,42.2,920
2025-05-21 15:30:00,AGV-07,62.92,36.43,0.3869,24.14,10.93,1.641,0,49.5,930
2025-05-21 15:40:00,AGV-07,65.35,35.28,0.3644,24.17,11.0,1.233,1,41.2,940
2025-05-21 15:50:00,AGV-07,63.44,38.33,0.3562,23.85,9.6,1.45,1,38.3,950
2025-05-21 16:00:00,AGV-07,63.62,37.14,0.3848,24.13,9.75,1.577,0,51.8,960
2025-05-21 16:10:00,AGV-07,63.53,39.07,0.3193,23.69,11.39,1.636,3,40.7,970
2025-05-21 16:20:00,AGV-07,64.19,35.45,0.3554,24.0,10.42,1.14,3,43.3,980
2025-05-21 16:30:00,AGV-07,63.85,37.63,0.4017,24.14,11.02,1.25,1,45.4,990
2025-05-21 16:40:00,AGV-07,65.56,38.68,0.3226,23.87,11.41,1.19,2,52.3,1000
2025-05-21 16:50:00,AGV-07,64.42,39.71,0.333,24.14,11.31,1.534,0,44.0,1010
2025-05-21 17:00:00,AGV-07,65.79,36.26,0.3761,24.06,9.88,1.452,2,45.5,1020
2025-05-21 17:10:00,AGV-07,68.56,37.43,0.3722,24.02,9.9,1.391,0,50.6,1030
2025-05-21 17:20:00,AGV-07,61.89,37.98,0.3766,23.96,11.02,1.406,2,38.3,1040
2025-05-21 17:30:00,AGV-07,64.37,37.5,0.3379,23.83,9.89,1.281,0,46.0,1050
2025-05-21 17:40:00,AGV-07,67.08,36.6,0.3342,24.3,8.87,1.545,1,48.6,1060
2025-05-21 17:50:00,AGV-07,65.53,36.96,0.3882,24.21,9.67,1.546,0,49.7,1070
2025-05-21 18:00:00,AGV-07,66.59,38.71,0.3787,23.96,10.63,1.228,3,48.2,1080
2025-05-21 18:10:00,AGV-07,64.84,37.83,0.3652,24.14,10.43,1.359,0,43.2,1090
2025-05-21 18:20:00,AGV-07,62.82,37.17,0.3891,24.2,11.02,1.747,0,41.7,1100
2025-05-21 18:30:00,AGV-07,64.95,39.74,0.3792,24.07,10.95,1.25,1,40.7,1110
2025-05-21 18:40:00,AGV-07,61.27,38.35,0.4283,24.03,9.4,1.304,0,51.4,1120
2025-05-21 18:50:00,AGV-07,64.46,38.63,0.4125,24.1,9.39,1.309,2,58.6,1130
2025-05-21 19:00:00,AGV-07,64.86,38.26,0.3792,24.08,9.5,1.364,4,36.9,1140
2025-05-21 19:10:00,AGV-07,67.18,36.1,0.4053,23.96,11.63,1.35,1,35.0,1150
2025-05-21 19:20:00,AGV-07,65.76,38.64,0.3833,23.75,9.78,1.323,3,51.3,1160
2025-05-21 19:30:00,AGV-07,67.09,38.57,0.4025,24.06,10.73,1.406,0,34.5,1170
2025-05-21 19:40:00,AGV-07,65.75,37.74,0.3846,24.09,11.66,1.576,0,46.5,1180
2025-05-21 19:50:00,AGV-07,67.38,39.02,0.3943,24.11,9.23,1.342,3,42.5,1190
2025-05-21 20:00:00,AGV-07,67.73,38.24,0.416,23.5,8.48,1.223,2,37.8,1200
2025-05-21 20:10:00,AGV-07,67.14,38.8,0.3852,24.22,11.3,1.546,3,45.0,1210
2025-05-21 20:20:00,AGV-07,66.17,37.07,0.433,24.42,10.64,1.724,0,52.5,1220
2025-05-21 20:30:00,AGV-07,67.86,40.02,0.3982,23.86,10.13,1.34,3,39.7,1230
2025-05-21 20:40:00,AGV-07,65.37,39.4,0.4135,24.01,11.71,1.249,1,34.9,1240
2025-05-21 20:50:00,AGV-07,67.1,38.14,0.3971,23.82,10.7,1.28,1,46.1,1250
2025-05-21 21:00:00,AGV-07,67.69,38.43,0.4064,24.04,10.7,1.6,4,41.5,1260
2025-05-21 21:10:00,AGV-07,70.43,39.12,0.3989,24.33,12.4,1.395,3,42.5,1270
2025-05-21 21:20:00,AGV-07,67.37,40.36,0.4114,24.21,10.53,1.465,1,43.1,1280
2025-05-21 21:30:00,AGV-07,69.34,38.2,0.4048,24.42,11.55,1.042,1,42.2,1290
2025-05-21 21:40:00,AGV-07,64.72,38.05,0.3588,23.97,9.87,1.409,1,42.9,1300
2025-05-21 21:50:00,AGV-07,69.8,40.49,0.4392,23.93,12.39,1.167,4,38.0,1310
2025-05-21 22:00:00,AGV-07,68.17,38.19,0.4203,24.07,10.96,1.452,1,45.6,1320
2025-05-21 22:10:00,AGV-07,65.39,38.68,0.4096,23.82,10.45,1.492,1,41.9,1330
2025-05-21 22:20:00,AGV-07,68.21,39.34,0.414,23.93,11.54,1.422,2,40.6,1340
2025-05-21 22:30:00,AGV-07,68.12,40.52,0.4501,24.01,10.57,1.542,1,48.4,1350
2025-05-21 22:40:00,AGV-07,64.99,39.58,0.4319,24.23,11.16,1.6,3,37.7,1360
2025-05-21 22:50:00,AGV-07,68.56,37.51,0.4303,24.09,10.48,1.242,0,49.2,1370
2025-05-21 23:00:00,AGV-07,69.31,39.42,0.4383,23.97,11.77,1.401,0,50.8,1380
2025-05-21 23:10:00,AGV-07,70.18,40.07,0.443,23.52,10.38,1.328,3,35.6,1390
2025-05-21 23:20:00,AGV-07,68.49,40.53,0.4639,24.08,10.17,1.11,3,40.6,1400
2025-05-21 23:30:00,AGV-07,68.42,38.77,0.4506,23.95,10.96,1.571,4,39.1,1410
2025-05-21 23:40:00,AGV-07,68.47,40.03,0.4552,24.05,11.19,1.373,2,46.4,1420
2025-05-21 23:50:00,AGV-07,71.63,38.4,0.4455,23.82,11.47,1.157,1,46.7,1430
